site,wt_aa,focal_taxon,baseline_lrt,p_value,intrinsic_plasticity,max_shift
1,A,T27199905,1.2590267658233643,0.1309176954748946,0.17894645035266876,0.784182071685791
2,A,T27199905,1.1570396423339844,0.14104016984227816,0.19073247909545898,0.6241950988769531
3,A,T27199905,9.800540924072266,0.0008723027267166231,2.4219696521759033,6.47767972946167
4,A,T27199905,2.7189691066741943,0.049581020384188,0.25829872488975525,1.0875115394592285
5,A,T27199905,6.964151859283447,0.004157942076132443,1.3559019565582275,3.305131196975708
6,A,T27199905,0.1525491178035736,0.348055567998125,0.1492099165916443,0.5223590135574341
7,A,T27199905,0.6239356398582458,0.2147942632238662,0.7252551913261414,2.2374460697174072
8,A,T27199905,2.627791404724121,0.052503844831112347,0.33884063363075256,0.9260077476501465
9,A,T27199905,1.833977460861206,0.08782923458857753,0.37793850898742676,1.4839646816253662
10,A,T27199905,3.944309949874878,0.02351506927836032,0.6043292880058289,1.597475290298462
11,A,T27199905,7.3503522872924805,0.00335248081549734,1.479789137840271,3.3697032928466797
12,A,T27199905,6.244410514831543,0.006229291958826212,0.3615313470363617,1.4527578353881836
13,A,T27199905,3.629561424255371,0.028380886281868016,0.6464077830314636,3.571624755859375
14,A,T27199905,2.530437469482422,0.05583462643860191,0.5272555351257324,1.9240713119506836
15,A,T27199905,0.9769096374511719,0.16148147983630354,0.3932948410511017,1.062570333480835
16,A,T27199905,6.943731784820557,0.004205672482363107,0.9048032164573669,2.9203391075134277
17,A,T27199905,2.8370232582092285,0.046057358241623575,1.384091854095459,3.995029926300049
18,A,T27199905,0.3883303105831146,0.26658918478013127,0.24652639031410217,0.6501786708831787
19,A,T27199905,1.9863555431365967,0.07936123078295862,0.40681836009025574,1.6029167175292969
20,A,T27199905,5.379188537597656,0.010189177183155967,0.9959920644760132,3.7967710494995117
21,A,T27199905,3.620673418045044,0.028532884945744526,1.124943494796753,3.3791263103485107
22,A,T27199905,6.005147457122803,0.0071321009361278226,1.2101131677627563,5.492671489715576
23,A,T27199905,2.857304573059082,0.045479900763757866,0.7750763297080994,2.1099853515625
24,A,T27199905,5.1124958992004395,0.011877061906378496,0.5200435519218445,1.4822888374328613
25,A,T27199905,2.3217861652374268,0.06378673084095234,0.470559686422348,1.978201150894165
26,A,T27199905,7.657675743103027,0.002826564282139999,0.4581029415130615,1.5681266784667969
27,A,T27199905,0.5927022695541382,0.22068803309780988,0.6795001029968262,1.902743935585022
28,A,T27199905,2.2487242221832275,0.06686230521116382,1.4056668281555176,5.857964515686035
29,A,T27199905,2.1683497428894043,0.07043867041033033,1.4192860126495361,5.804346561431885
30,A,T27199905,4.954831123352051,0.013008932978386756,1.1141692399978638,4.935931205749512
31,A,T27199905,6.600193500518799,0.005098384280332572,0.9691151976585388,2.882801055908203
32,A,T27199905,2.672351837158203,0.0510525203538495,0.5489312410354614,2.4296979904174805
33,A,T27199905,2.8803887367248535,0.04483218661849086,0.6027474999427795,1.8637809753417969
34,A,T27199905,7.079422473907471,0.0038987068440096743,0.413364976644516,1.5411810874938965
35,A,T27199905,1.419755220413208,0.11672184839436117,0.17172086238861084,0.7154905796051025
36,A,T27199905,2.1769115924835205,0.07004767216872552,0.7080520391464233,3.2116458415985107
37,A,T27199905,1.181066632270813,0.13856947868897618,0.1990746408700943,0.6528712511062622
38,C,T27199905,3.077515125274658,0.0396908603189659,0.960648775100708,2.231548309326172
39,T,T27199905,0.7331010699272156,0.19593992706579139,0.21456216275691986,0.7667258381843567
40,E,T27199905,1.6938613653182983,0.09654636869896985,2.06107234954834,6.468818187713623
41,M,T27199905,3.682671546936035,0.027490344377497023,1.397524118423462,2.897104263305664
42,E,T27199905,3.968653678894043,0.023177410512841817,6.382040500640869,15.8794527053833
43,K,T27199905,2.5647659301757812,0.054634364773320766,1.1056554317474365,6.137078285217285
44,E,T27199905,1.060984492301941,0.15149537623859294,2.7378408908843994,7.710484504699707
45,G,T27199905,1.3975985050201416,0.11856303665050806,0.954716145992279,2.406146287918091
46,K,T27199905,12.011387825012207,0.000264382343707687,5.002622127532959,14.621138572692871
47,I,T27199905,1.066441297531128,0.15087532905996,0.4648563861846924,1.334367275238037
48,S,T27199905,5.702385902404785,0.008470933847420214,0.43626412749290466,0.9405407905578613
49,K,T27199905,10.358538627624512,0.0006443859268353855,1.8462661504745483,8.920199394226074
50,I,T27199905,0.6123056411743164,0.21696050694796237,0.47023025155067444,1.0184755325317383
51,G,T27199905,0.022443506866693497,0.44045663994505024,2.4217753410339355,6.503215789794922
52,P,T27199905,1.0817782878875732,0.1491500406243129,1.5977166891098022,3.5123603343963623
53,E,T27199905,1.132269263267517,0.14364590904680383,3.2318034172058105,9.423645973205566
54,N,T27199905,0.2093351185321808,0.3236445155248038,0.9974291920661926,3.418597459793091
55,P,T27199905,1.332540512084961,0.12417688024404716,1.5349390506744385,3.5765862464904785
56,Y,T27199905,0.6730449199676514,0.2059960097099387,1.0459076166152954,2.750673294067383
57,N,T27199905,0.7600473165512085,0.19165685773074143,0.8050695657730103,2.5291428565979004
58,T,T27199905,0.1297949254512787,0.359322381006219,0.976659893989563,2.5670154094696045
59,P,T27199905,1.4450383186340332,0.1146628839489231,2.072840929031372,4.7173943519592285
60,V,T27199905,1.9133517742156982,0.08329570651055587,0.31996652483940125,1.3069756031036377
61,F,T27199905,4.526180267333984,0.016690021747134146,1.5294690132141113,4.984838485717773
62,A,T27199905,0.3283039927482605,0.2833297346450372,0.43261367082595825,1.2338054180145264
63,I,T27199905,1.7203668355941772,0.09482291600898597,1.2662755250930786,3.5343985557556152
64,R,T27199905,8.85840892791748,0.0014587087958082784,0.7308120131492615,3.7404422760009766
65,K,T27199905,11.992971420288086,0.0002670078707223671,2.8394763469696045,10.926872253417969
66,K,T27199905,12.811882972717285,0.00017221237576158698,3.303886890411377,12.784192085266113
67,D,T27199905,1.532105803489685,0.10789833806111324,1.1460188627243042,3.2452402114868164
68,S,T27199905,5.295684337615967,0.010689164654647415,0.5822129845619202,1.302180528640747
69,T,T27199905,1.7341607809066772,0.0939401992215176,0.3456254303455353,0.9431158304214478
70,K,T27199905,9.84971809387207,0.0008492889337409969,2.429208755493164,10.624017715454102
71,W,T27199905,0.11785640567541122,0.36568556013647446,2.855137586593628,8.563469886779785
72,R,T27199905,6.194295406341553,0.006408136917878924,0.8925013542175293,3.0503125190734863
73,K,T27199905,12.222270011901855,0.0002361122018170484,4.971965789794922,14.666401863098145
74,L,T27199905,8.253179550170898,0.0020340341631370717,0.8767492175102234,2.9264039993286133
75,V,T27199905,3.761998414993286,0.02621494028118959,0.5131568312644958,1.7816236019134521
76,D,T27199905,0.7907997965812683,0.18692919705733851,2.2013862133026123,5.558282852172852
77,F,T27199905,2.6975350379943848,0.05025176183211186,0.720391035079956,2.2085490226745605
78,R,T27199905,2.3694794178009033,0.06186415276424236,1.0576763153076172,4.368928909301758
79,E,T27199905,2.3830645084381104,0.06132836151145763,2.895761013031006,8.35456657409668
80,L,T27199905,7.732669353485107,0.0027115258358801795,1.2979427576065063,3.7642951011657715
81,N,T27199905,0.22300715744495392,0.31837905313284287,1.0325050354003906,3.5084621906280518
82,K,T27199905,7.1832499504089355,0.003679364615788874,2.9133827686309814,12.259891510009766
83,R,T27199905,4.306378364562988,0.018984857080080346,0.8674263954162598,4.89601993560791
84,T,T27199905,0.15093618631362915,0.34882115289639615,1.1375774145126343,2.8767645359039307
85,Q,T27199905,6.7349677085876465,0.0047270471717945385,1.8140937089920044,5.875450611114502
86,D,T27199905,1.4998687505722046,0.11034577894556176,2.0258514881134033,5.310154914855957
87,F,T27199905,2.915648937225342,0.0438620587821362,0.6433438062667847,1.8863787651062012
88,W,T27199905,2.113495349884033,0.07300274598242759,2.4085512161254883,6.814860820770264
89,E,T27199905,4.129663944244385,0.021068858932892152,6.072267055511475,14.983081817626953
90,V,T27199905,7.293110370635986,0.0034609767057095903,1.2299878597259521,3.2757058143615723
91,Q,T27199905,6.24092435836792,0.006241565331235092,2.025239944458008,6.099442958831787
92,L,T27199905,9.244270324707031,0.0011811670443709443,1.179701328277588,3.843502998352051
93,G,T27199905,0.8104620575904846,0.18399183924529666,1.0072981119155884,2.747506618499756
94,I,T27199905,2.220785617828369,0.06808187813625026,1.0638325214385986,3.0864663124084473
95,P,T27199905,1.6538194417953491,0.09921994043119298,1.413756012916565,3.2851295471191406
96,H,T27199905,1.7957135438919067,0.09011578577865058,0.8198694586753845,2.063199520111084
97,P,T27199905,1.13155198097229,0.14372227026655246,0.48823627829551697,1.3080487251281738
98,A,T27199905,1.2233660221099854,0.13435053948036785,0.7125753164291382,1.419748067855835
99,G,T27199905,0.9266339540481567,0.16786956009918885,1.3732223510742188,3.194427013397217
100,L,T27199905,5.919346809387207,0.0074877547092014485,0.6507900953292847,2.172694206237793
101,K,T27199905,10.230419158935547,0.000690716333288374,2.8182451725006104,11.292076110839844
102,K,T27199905,4.120994567871094,0.021177085857705936,1.7630313634872437,7.700896263122559
103,K,T27199905,0.28443464636802673,0.2969046073850966,0.14709889888763428,1.0830944776535034
104,K,T27199905,9.369057655334473,0.0011033947052673228,1.3178048133850098,6.294681549072266
105,S,T27199905,0.554619312286377,0.2282181821362247,2.1151883602142334,6.390186309814453
106,V,T27199905,2.3684754371643066,0.06190395505283092,0.44775640964508057,1.2119109630584717
107,T,T27199905,0.10348906368017197,0.37384106423813845,0.7739068865776062,1.9564138650894165
108,V,T27199905,3.358977794647217,0.03341977276329019,0.7038100361824036,1.8450345993041992
109,L,T27199905,10.038226127624512,0.0007666239034058996,1.008021354675293,2.8812246322631836
110,D,T27199905,0.3998790979385376,0.26357585115977766,2.6531341075897217,6.360671043395996
111,V,T27199905,1.7442066669464111,0.09330334787206589,1.028870701789856,2.3210723400115967
112,G,T27199905,1.235178828239441,0.13320111915421348,0.9914954304695129,2.820894241333008
113,D,T27199905,0.5871542692184448,0.22176082987564671,2.652055025100708,6.329466819763184
114,A,T27199905,0.07582914084196091,0.39151564352781687,1.7394570112228394,3.8823046684265137
115,Y,T27199905,1.259881615638733,0.1308367501600451,1.3056377172470093,3.3182759284973145
116,F,T27199905,3.39908766746521,0.032616244755271584,0.9895477294921875,4.02760124206543
117,S,T27199905,1.9605408906936646,0.08072774149912168,3.191143035888672,8.458026885986328
118,V,T27199905,5.5710320472717285,0.00912999756217224,1.1157114505767822,2.727570056915283
119,P,T27199905,1.3160569667816162,0.12565046487773598,0.6981116533279419,1.8102903366088867
120,L,T27199905,8.733039855957031,0.0015624753552031835,1.0347703695297241,3.3029251098632812
121,D,T27199905,4.318780899047852,0.018846958970636447,0.606232762336731,1.7461566925048828
122,E,T27199905,16.117992401123047,2.9757956461103132e-05,1.3827308416366577,3.5863571166992188
123,D,T27199905,0.9219419360160828,0.16848279969111743,0.09563323110342026,0.3642882704734802
124,A,T27199905,3.426302909851074,0.03208279645991402,0.8583835959434509,2.479475498199463
125,R,T27199905,1.113721489906311,0.14563720379943645,2.0412044525146484,6.643615245819092
126,K,T27199905,6.235796928405762,0.006259662137308674,3.098477840423584,11.944598197937012
127,Y,T27199905,1.012318730354309,0.15717399156996445,1.0996986627578735,2.9021759033203125
128,T,T27199905,0.348495215177536,0.2774830953649281,1.8751355409622192,4.367701530456543
129,A,T27199905,0.3111226260662079,0.28849605642265547,1.7988251447677612,3.8308603763580322
130,F,T27199905,4.311478137969971,0.018928027476203986,0.8435284495353699,2.6542139053344727
131,T,T27199905,0.10139654576778412,0.3750800588600388,0.5743107795715332,1.4100788831710815
132,I,T27199905,1.339169979095459,0.12359019855484998,0.7205556035041809,2.168100118637085
133,P,T27199905,1.376397967338562,0.12035782932116833,0.9190912842750549,2.0799922943115234
134,S,T27199905,5.221837997436523,0.011152482014855705,0.8423391580581665,2.8058958053588867
135,I,T27199905,1.2608240842819214,0.13074758015730267,0.24579264223575592,0.9904237985610962
136,N,T27199905,0.3223121166229248,0.2851107247522323,1.0655145645141602,3.5904476642608643
137,N,T27199905,0.2711891233921051,0.30126760576492473,1.2288459539413452,4.029872894287109
138,E,T27199905,10.051872253417969,0.00076096594533281,1.9564237594604492,6.360692977905273
139,T,T27199905,0.6607720255851746,0.20814376073947127,0.4141586720943451,1.2098724842071533
140,P,T27199905,1.2424302101135254,0.13250160330353072,1.7763668298721313,4.061858654022217
141,G,T27199905,1.8032641410827637,0.08965918826795596,2.2095837593078613,5.634053707122803
142,I,T27199905,0.334590882062912,0.28148411673497625,0.1347196400165558,0.37360742688179016
143,R,T27199905,1.6569478511810303,0.0990079616090078,1.0448873043060303,4.2312421798706055
144,Y,T27199905,0.90320885181427,0.1709613773754999,1.6828559637069702,3.9763383865356445
145,Q,T27199905,4.364956378936768,0.01834271121240504,1.343003749847412,4.906367778778076
146,Y,T27199905,0.8537359833717346,0.17774879509236752,1.1302616596221924,3.055182933807373
147,N,T27199905,0.12072240561246872,0.36412614969222973,1.1261186599731445,3.9336414337158203
148,V,T27199905,2.1711201667785645,0.07031188447449419,1.2390949726104736,2.714428424835205
149,L,T27199905,6.970743656158447,0.004142652859510406,0.9973356127738953,2.8743834495544434
150,P,T27199905,1.4464460611343384,0.11454953461520433,1.566131830215454,3.616781711578369
151,Q,T27199905,7.025161266326904,0.0040186116427013184,1.0173152685165405,4.090466022491455
152,G,T27199905,0.5113452076911926,0.23727855255726327,1.074215054512024,2.8685381412506104
153,W,T27199905,0.11785640567541122,0.36568556013647446,2.855137586593628,8.563469886779785
154,K,T27199905,9.301207542419434,0.0011450143258362726,6.3861894607543945,16.346324920654297
155,G,T27199905,0.5949209332466125,0.22026125419432013,0.77021723985672,2.2022666931152344
156,S,T27199905,1.0156934261322021,0.15677136159838825,1.5993587970733643,4.707266807556152
157,P,T27199905,2.4610595703125,0.058350018070470425,0.8268744945526123,1.5828394889831543
158,A,T27199905,1.2689861059188843,0.12997848596399086,1.2443934679031372,2.5409440994262695
159,I,T27199905,2.056330919265747,0.07578737921993343,1.0804529190063477,3.024670362472534
160,F,T27199905,4.069174766540527,0.02183630269041708,0.9510552287101746,2.765720844268799
161,Q,T27199905,6.380060195922852,0.005770475861629664,2.109776020050049,6.682599067687988
162,S,T27199905,5.034832000732422,0.012421248078472382,0.29450535774230957,0.7551736831665039
163,S,T27199905,8.070536613464355,0.002249539555076668,0.9782814383506775,2.1228837966918945
164,M,T27199905,0.03684968501329422,0.42388570458649827,2.066208839416504,5.884672164916992
165,T,T27199905,4.022326469421387,0.022450867088324836,0.829979658126831,1.5215542316436768
166,K,T27199905,11.735040664672852,0.00030667122207170787,1.5172524452209473,7.641971588134766
167,I,T27199905,1.0358028411865234,0.1543998165639724,0.37678176164627075,0.961033821105957
168,L,T27199905,8.023316383361816,0.002308946651485004,1.227117896080017,4.186878204345703
169,E,T27199905,0.45307525992393494,0.2504390843948683,1.053761601448059,3.3381872177124023
170,P,T27199905,1.0171353816986084,0.15659973483425746,0.8770676851272583,2.0231523513793945
171,F,T27199905,3.1750173568725586,0.03738620872667735,1.15292489528656,4.834033966064453
172,R,T27199905,1.7935404777526855,0.09024769272786379,0.9914810061454773,3.845848560333252
173,K,T27199905,6.346617698669434,0.005880265605208328,0.6454479098320007,3.3322372436523438
174,Q,T27199905,6.406280994415283,0.0056858675960367,0.9228625297546387,2.2834935188293457
175,N,T27199905,0.6797448992729187,0.20483729048427324,0.6625048518180847,2.2465670108795166
176,P,T27199905,0.10632932186126709,0.37218124399918406,0.7225517630577087,1.7152752876281738
177,D,T27199905,0.17692448198795319,0.33701486207150433,0.2447247952222824,0.8920537233352661
178,I,T27199905,2.782674551010132,0.047644460168880264,0.5170941352844238,1.8967607021331787
179,V,T27199905,2.7482151985168457,0.048681528373524845,0.8024664521217346,1.9105868339538574
180,I,T27199905,0.7804161906242371,0.18850694206412144,0.45132365822792053,1.674764633178711
181,Y,T27199905,2.9806711673736572,0.042132161624386356,0.5335217714309692,1.7907741069793701
182,Q,T27199905,6.446829795837402,0.005557525099089608,2.03419828414917,6.22666072845459
183,Y,T27199905,0.4117202162742615,0.2605488401888777,1.1931803226470947,3.1181910037994385
184,M,T27199905,4.2506513595581055,0.01961763959687324,0.8790382742881775,2.041287899017334
185,D,T27199905,0.12307317554950714,0.36286249622006894,3.060601234436035,7.259433746337891
186,D,T27199905,1.0790809392929077,0.14945162356795777,1.8036202192306519,4.7460432052612305
187,L,T27199905,9.118193626403809,0.0012653987033022732,0.983731746673584,3.0008764266967773
188,Y,T27199905,6.733448505401611,0.004731074694243986,0.8912973999977112,2.1081013679504395
189,V,T27199905,3.9964704513549805,0.022797825472799745,0.9029697775840759,3.3807778358459473
190,G,T27199905,0.2531818449497223,0.30742175016384654,0.22562004625797272,0.7039831876754761
191,S,T27199905,1.07608163356781,0.14978788898461137,1.9988744258880615,5.875161170959473
192,D,T27199905,1.416043758392334,0.11702784009619382,1.826371431350708,4.93524694442749
193,L,T27199905,8.630820274353027,0.0016526135604420667,1.0551303625106812,3.4966344833374023
194,E,T27199905,3.669320583343506,0.027711386063071608,6.648962020874023,16.27521324157715
195,I,T27199905,3.43643856048584,0.031886511941244686,0.9054073691368103,2.7452821731567383
196,G,T27199905,1.8870996236801147,0.0847647091779184,0.8311761021614075,2.481534481048584
197,Q,T27199905,3.1553151607513428,0.03784003821930769,0.749410092830658,2.6294782161712646
198,H,T27199905,1.828205943107605,0.08816979879232972,0.9104366302490234,2.042893409729004
199,R,T27199905,1.1206132173538208,0.14489322535397509,1.5211801528930664,5.346778392791748
200,T,T27199905,4.873173236846924,0.013638648948472788,0.903643786907196,1.867166519165039
201,K,T27199905,5.674492835998535,0.008606657623299213,7.844862461090088,18.38339614868164
202,A,T27199905,1.2642453908920288,0.13042451159416107,0.3908144533634186,1.4763497114181519
203,E,T27199905,1.1379183530807495,0.14304631002098997,2.101947784423828,6.288740158081055
204,E,T27199905,2.126817226409912,0.07237051242445126,3.3460464477539062,9.695556640625
205,L,T27199905,10.594789505004883,0.000567034049387942,1.151947259902954,3.166459083557129
206,R,T27199905,1.0123169422149658,0.15717420526821135,1.3852620124816895,4.854376792907715
207,Q,T27199905,0.775445282459259,0.18926888208362042,0.1237424835562706,0.7158281207084656
208,H,T27199905,2.0989606380462646,0.07369965280723813,0.5214194655418396,1.31492280960083
209,L,T27199905,11.372289657592773,0.0003727396245190937,1.0016186237335205,2.643268585205078
210,L,T27199905,8.164053916931152,0.0021364378335886943,0.6208359599113464,1.7696723937988281
211,R,T27199905,2.5806379318237305,0.05408902841972147,0.42737841606140137,3.338779926300049
212,W,T27199905,3.240617275238037,0.035916784630287565,2.634563446044922,6.683558940887451
213,G,T27199905,1.3365634679794312,0.12382045897146449,0.6925747990608215,2.1535086631774902
214,F,T27199905,2.2016608715057373,0.06893106369041832,0.5407633185386658,1.9595463275909424
215,T,T27199905,2.5457088947296143,0.055297131523991835,0.4022733271121979,1.1090459823608398
216,T,T27199905,0.12635165452957153,0.36112258583503665,0.6542602777481079,1.7034456729888916
217,P,T27199905,3.43837308883667,0.03184919409209016,1.7298212051391602,4.5471272468566895
218,D,T27199905,0.9670583009719849,0.1627074637489642,1.2713617086410522,3.582761287689209
219,K,T27199905,17.250890731811523,1.6377197883470317e-05,1.9471235275268555,8.544649124145508
220,K,T27199905,13.401198387145996,0.00012573179427270343,3.8138256072998047,13.508286476135254
221,H,T27199905,1.8303817510604858,0.08804123080495728,0.4363706111907959,1.0623682737350464
222,Q,T27199905,4.743068695068359,0.014708277526694083,1.5063507556915283,5.188754081726074
223,K,T27199905,13.152406692504883,0.00014357509023229544,4.552337169647217,14.412599563598633
224,E,T27199905,1.2137911319732666,0.13529129777840732,2.7823145389556885,8.263731002807617
225,P,T27199905,2.0234813690185547,0.07744184428606529,0.4923730790615082,1.185063123703003
226,P,T27199905,2.0631816387176514,0.07544741085162102,1.1033480167388916,2.7848308086395264
227,F,T27199905,3.9182097911834717,0.02388285964933891,0.8000524044036865,2.2461612224578857
228,L,T27199905,9.891912460327148,0.0008300337503659723,0.7056105136871338,2.272653579711914
229,W,T27199905,3.586622953414917,0.02912324780416899,2.5086967945098877,6.468321800231934
230,M,T27199905,4.665673732757568,0.01538567415907401,1.4536956548690796,2.769200325012207
231,G,T27199905,1.0101327896118164,0.1574355144177576,0.6134170293807983,1.849022626876831
232,Y,T27199905,3.8661017417907715,0.02463541755414097,2.864717483520508,6.955152988433838
233,E,T27199905,2.6427435874938965,0.052011880671948514,4.15841817855835,12.047122955322266
234,L,T27199905,7.442319869995117,0.0031853858911379583,0.8346733450889587,2.734795570373535
235,H,T27199905,1.6644991636276245,0.09849847454057374,0.8688791394233704,2.1377663612365723
236,P,T27199905,1.5380620956420898,0.10745324448545379,0.8009284138679504,1.882868766784668
237,D,T27199905,1.2596946954727173,0.13085444423840958,1.8571144342422485,4.931260585784912
238,K,T27199905,11.969084739685059,0.0002704525175747402,1.5190404653549194,7.577324867248535
239,W,T27199905,5.035264015197754,0.012418150446849316,1.9429479837417603,5.558825492858887
240,T,T27199905,0.19383065402507782,0.3298736693537987,0.8475465178489685,2.224696397781372
241,V,T27199905,3.07454776763916,0.039763354460838674,0.7430854439735413,2.094785213470459
242,Q,T27199905,4.5267252922058105,0.016684706656626885,1.3711963891983032,4.825476169586182
243,P,T27199905,1.9148826599121094,0.08321094604597601,0.41082674264907837,0.8433985710144043
244,I,T27199905,1.1793885231018066,0.13874025762397527,0.4152531921863556,1.5081162452697754
245,V,T27199905,3.5446434020996094,0.02986900327866066,0.2890160381793976,1.035987377166748
246,L,T27199905,11.184144020080566,0.0004124965355620185,0.8676360249519348,2.43843936920166
247,A,T27199905,3.1235716342926025,0.03858373566778901,1.133185863494873,2.6612637042999268
248,A,T27199905,0.22662685811519623,0.31701816051373644,0.16652214527130127,0.6171186566352844
249,A,T27199905,5.2321038246154785,0.011086848240891888,1.0340074300765991,4.689234256744385
250,A,T27199905,2.048335313796997,0.0761863580047847,0.6929441690444946,1.6425938606262207
251,A,T27199905,2.502577543258667,0.056830069034529244,0.34197765588760376,0.8744955062866211
252,A,T27199905,4.377995014190674,0.01820289886489555,0.43688562512397766,1.479245662689209
253,A,T27199905,0.6167668104171753,0.21612565151560542,0.3248176574707031,1.2057942152023315
254,A,T27199905,8.78124713897705,0.0015217152525886372,1.0935698747634888,3.6143436431884766
255,A,T27199905,2.439150810241699,0.05917013721754426,0.7908527255058289,1.9958043098449707
256,A,T27199905,1.8618956804275513,0.08620308545980694,0.664402425289154,1.5775960683822632
257,A,T27199905,3.3679230213165283,0.033238757330570225,0.24016831815242767,0.7821395397186279
258,A,T27199905,2.0366299152374268,0.07677475344660789,0.412767618894577,1.702204704284668
259,A,T27199905,3.2317111492156982,0.03611259251882947,0.6361435055732727,3.4932219982147217
260,A,T27199905,7.642000675201416,0.002851231693381982,0.4796168804168701,1.6136822700500488
261,A,T27199905,1.549320101737976,0.10661792016746066,0.49202170968055725,1.2483645677566528
262,A,T27199905,1.0951182842254639,0.14766996924253767,0.3904484212398529,0.9255783557891846
263,A,T27199905,3.8738527297973633,0.024521909019466187,0.8351567983627319,3.8896474838256836
264,A,T27199905,4.164068222045898,0.02064505902941924,0.3261488378047943,1.2469334602355957
265,A,T27199905,0.7988603115081787,0.18571716810925698,0.24579913914203644,0.9312107563018799
266,A,T27199905,4.193753242492676,0.020286588449021658,0.431343674659729,1.5311408042907715
267,A,T27199905,0.805336058139801,0.18475137458009339,0.32756295800209045,1.16087007522583
268,A,T27199905,7.949033260345459,0.002405653532703334,2.0726985931396484,5.413214683532715
269,A,T27199905,1.731914758682251,0.09408327489777879,0.365955114364624,1.500420093536377
270,A,T27199905,1.0841165781021118,0.14888923564377163,0.158469095826149,0.560630202293396
271,A,T27199905,0.50663822889328,0.23829888679921768,0.1648058146238327,0.6828593611717224
272,A,T27199905,1.6198557615280151,0.10155595037230433,0.22200198471546173,1.171916127204895
273,A,T27199905,1.4816038608551025,0.11176187595559087,0.44830432534217834,1.1162030696868896
274,A,T27199905,1.2409579753875732,0.1326432542296528,0.19388346374034882,0.610588788986206
275,A,T27199905,2.0183424949645996,0.07770435028055377,0.4399282932281494,2.476944923400879
276,A,T27199905,1.3116565942764282,0.1260474694399294,0.22077926993370056,0.6737253665924072
277,A,T27199905,2.798098564147949,0.0471880841755537,0.39364928007125854,1.5961856842041016
278,A,T27199905,0.5545098781585693,0.2282403965373797,0.12985236942768097,0.543696403503418
279,A,T27199905,4.765560150146484,0.014517304967317797,0.28445905447006226,1.302720069885254
280,A,T27199905,4.49684476852417,0.016978727980719026,0.40455928444862366,0.8949694633483887
281,A,T27199905,3.360727310180664,0.03338428692430676,0.6591894030570984,2.59104585647583
282,A,T27199905,4.603622913360596,0.015952233585491395,0.44147175550460815,1.2729175090789795
283,A,T27199905,8.238941192626953,0.002050052175747985,1.718058705329895,4.938446044921875
284,A,T27199905,3.0254766941070557,0.0409831151925446,0.5880955457687378,1.918916940689087
285,A,T27199905,1.3492989540100098,0.1227003559980835,0.4438328444957733,1.0464110374450684
286,A,T27199905,0.7842976450920105,0.18791499069027173,0.18914467096328735,0.6836007237434387
287,A,T27199905,3.6221113204956055,0.02850823611298257,0.7602130770683289,3.6513843536376953
288,A,T27199905,0.551495373249054,0.22885366420358355,0.1336226910352707,0.4690365195274353
289,A,T27199905,3.437901735305786,0.031858282402849596,0.29825928807258606,1.3214728832244873
290,A,T27199905,0.59903883934021,0.21947249378533545,0.5114542245864868,1.9272100925445557
291,A,T27199905,0.1481567770242691,0.3501515339748762,0.14254415035247803,0.5197322368621826
292,A,T27199905,1.298492193222046,0.12724441280865773,0.1938178390264511,0.5871485471725464
293,A,T27199905,1.3385051488876343,0.12364888016139358,0.14863017201423645,0.559577465057373
294,A,T27199905,0.8525128364562988,0.17792121958199453,0.11918852478265762,0.45527493953704834
295,A,T27199905,4.045733451843262,0.022141565871949317,0.3935359716415405,1.5937390327453613
296,A,T27199905,0.723694920539856,0.19746728814178532,0.25673332810401917,1.0432689189910889
297,A,T27199905,7.6800079345703125,0.002791796127918376,1.636858344078064,3.5774950981140137
298,A,T27199905,1.0272296667099,0.15540511429143009,0.5914359092712402,2.7823219299316406
299,A,T27199905,1.4882967472076416,0.11124045863839836,0.3877720534801483,1.8193268775939941
300,A,T27199905,0.532110333442688,0.23286049017324645,0.339535117149353,1.419248342514038
301,A,T27199905,2.764955997467041,0.0481746681150757,0.38641616702079773,1.3507952690124512
302,A,T27199905,0.1817382127046585,0.3349418420218465,0.11883345246315002,0.5674377679824829
303,A,T27199905,2.6108288764953613,0.05306813708136683,0.2802179157733917,1.1971347332000732
304,A,T27199905,0.783158004283905,0.18808852331835135,0.26250916719436646,1.645636796951294
305,A,T27199905,0.31717348098754883,0.2866556256085424,0.19382712244987488,1.0952484607696533
306,A,T27199905,0.48863789439201355,0.24226776924105137,0.24303898215293884,0.9763644933700562
307,A,T27199905,1.0582724809646606,0.15180476144312274,0.4954065978527069,1.5950604677200317
308,A,T27199905,0.24791951477527618,0.30927191786251906,0.14798009395599365,0.8327884078025818
309,A,T27199905,2.687344789505005,0.05057411871600972,0.904873788356781,1.8264520168304443
310,A,T27199905,2.723818063735962,0.04943064046426419,0.6115002632141113,2.417257070541382
311,A,T27199905,0.9096251726150513,0.17010694550444172,0.2483740597963333,1.4535778760910034
312,A,T27199905,0.9139890670776367,0.1695291062982701,0.2703717052936554,1.2255637645721436
313,A,T27199905,0.44440579414367676,0.2525017979088521,0.15625150501728058,0.838009238243103
314,A,T27199905,0.689965546131134,0.20308804999871777,0.2574247717857361,0.9011943936347961
315,A,T27199905,0.9496206045150757,0.16490794398300948,0.3742349147796631,1.531732439994812
316,A,T27199905,0.5117803812026978,0.23718457836277973,0.18424224853515625,0.649640679359436
317,A,T27199905,0.4988636374473572,0.23999992799880748,0.19769689440727234,0.6352394223213196
318,A,T27199905,0.8196579813957214,0.1826400915009211,0.18376244604587555,0.5980455279350281
319,A,T27199905,1.7727771997451782,0.09151937591554327,0.3160090148448944,0.9692760705947876
320,A,T27199905,1.4051191806793213,0.11793416494371645,0.48434117436408997,1.4806015491485596
321,A,T27199905,0.5358517169952393,0.2320785062025354,0.17526517808437347,0.9899523258209229
322,A,T27199905,3.0956003665924072,0.039252094708856176,0.5737566947937012,2.0542685985565186
323,A,T27199905,0.8878438472747803,0.17303113719305435,0.26550859212875366,1.896949052810669
324,A,T27199905,1.1089260578155518,0.1461577594505665,0.3852245509624481,1.2867381572723389
325,A,T27199905,1.025884985923767,0.15556356479452155,0.49897074699401855,1.7620421648025513
326,A,T27199905,0.2303965836763382,0.3156149617451075,0.1097884327173233,0.581710159778595
327,A,T27199905,0.23099474608898163,0.315393609132402,0.13139209151268005,1.0113705396652222
328,A,T27199905,0.05912403762340546,0.4039429147920034,0.06684365123510361,0.4585791230201721
329,A,T27199905,0.4162362813949585,0.2594105331459585,0.127116397023201,0.7775392532348633
330,A,T27199905,0.2532822787761688,0.3073866739997746,0.16886334121227264,0.9992728233337402
331,A,T27199905,0.4441017210483551,0.25257467214929397,0.18678735196590424,1.5717543363571167
332,A,T27199905,0.24202676117420197,0.31137304906133223,0.14881575107574463,0.9549406170845032
333,A,T27199905,0.14635705947875977,0.3510206392269777,0.11554532498121262,0.6186006665229797
334,A,T27199905,0.23369115591049194,0.31440014833750285,0.14105544984340668,0.9841014742851257
335,A,T27199905,0.0919647142291069,0.3808470654980147,0.07627550512552261,0.3821340501308441
