site,ref_aa,derived_aa,total_mutations,shared_foreground_mutations,expected_shared,association_rho,p_value,foreground_freq_pct,background_freq_pct,q_value
292,A,S,47,7,0.802275960170697,0.2947531723732817,2.1121939891455277e-05,58.333333333333336,5.788712011577424,0.003062681284261015
101,G,A,54,6,0.9217638691322901,0.23570226039551584,0.0003892453631779702,50.0,6.946454413892909,0.018813525886935228
83,D,N,125,9,2.1306818181818183,0.23237900077244505,0.00037410382526237296,75.0,16.76300578034682,0.018813525886935228
325,K,K,61,6,1.0412517780938833,0.2217663812863719,0.0007314822188779768,50.0,92.04052098408104,0.02556634586245521
7,P,L,87,7,1.4871794871794872,0.21664456120656053,0.0008815981331881106,50.0,7.536231884057972,0.02556634586245521
336,T,S,86,6,1.4848920863309352,0.18677184190940713,0.004246391573496822,50.0,11.127379209370424,0.08860032146567422
159,F,F,120,7,2.028169014084507,0.18446619684315546,0.00488233097256352,41.66666666666667,83.810888252149,0.08860032146567422
333,A,A,62,5,1.0720461095100864,0.18330889377669163,0.004888293598106164,58.333333333333336,91.64222873900293,0.08860032146567422
24,F,F,3,1,0.051209103840682786,0.1666666666666667,0.0499200156135583,91.66666666666666,99.71056439942113,0.4825601509310636
319,T,T,3,1,0.051209103840682786,0.1666666666666667,0.0499200156135583,91.66666666666666,99.71056439942113,0.4825601509310636
39,M,M,110,6,1.8776671408250356,0.16514456476895412,0.012542419553850048,50.0,84.9493487698987,0.2020723150342508
162,V,I,153,7,2.5859154929577466,0.16336600980326785,0.0167253856946179,50.0,20.630372492836678,0.22047099324723593
195,K,K,114,6,1.9431818181818181,0.1622214211307626,0.014599335929557866,50.0,84.39306358381504,0.21169037097858906
259,I,I,123,6,2.0995732574679944,0.15617376188860607,0.020431299966291117,50.0,83.06801736613603,0.24687820792601767
290,L,I,365,10,6.230440967283073,0.15109947130387488,0.10069976175696416,75.0,44.862518089725036,0.7684981818294633
165,L,L,72,4,1.2169014084507042,0.13608276348795437,0.03525365801667946,66.66666666666666,90.25787965616045,0.3932138778783478
318,L,I,168,6,2.867709815078236,0.1336306209562122,0.07117247773250046,50.0,17.945007235890014,0.6247782837007373
157,V,L,171,6,2.8901408450704227,0.13245323570650439,0.07324986774422437,50.0,23.49570200573066,0.6247782837007373
151,N,N,5,1,0.08450704225352113,0.12909944487358058,0.08103481623175679,91.66666666666666,99.42693409742121,0.6527804640891519
26,Y,Y,234,6,3.9943100995732577,0.11322770341445959,0.2139809524898204,50.0,67.00434153400869,1.0
218,V,I,285,6,4.857954545454546,0.10259783520851543,0.35913199785861405,50.0,40.31791907514451,1.0
107,P,P,72,3,1.229018492176387,0.10206207261596578,0.12686588207615057,75.0,90.01447178002894,0.9197776450520916
335,T,T,311,6,5.3852813852813854,0.0982155906707477,0.45132283365154335,50.0,55.21292217327459,1.0
217,I,I,245,5,4.176136363636363,0.09221388919541469,0.4055307864208795,58.333333333333336,65.3179190751445,1.0
216,M,M,265,5,4.517045454545454,0.08866586276648859,0.47112868809693376,58.333333333333336,62.42774566473989,1.0
315,N,N,45,2,0.7681365576102418,0.08606629658238706,0.1798027000004675,83.33333333333334,93.77713458755427,1.0
326,N,N,63,2,1.0753911806543386,0.07273929674533079,0.291950678048994,83.33333333333334,91.17221418234442,1.0
297,S,S,67,2,1.143669985775249,0.07053456158585984,0.31692504315850933,83.33333333333334,90.59334298118668,1.0
213,T,T,213,3,3.6306818181818183,0.05933908290969268,0.7026486067993694,75.0,69.65317919075144,1.0
158,A,A,99,2,1.6732394366197183,0.05802588531856596,0.49839806272766374,83.33333333333334,86.10315186246417,1.0
282,N,N,238,3,4.0625889046941674,0.056136089142383994,0.7709248022272538,75.0,65.99131693198264,1.0
298,S,S,245,3,4.182076813655761,0.05532833351724882,0.787380326563153,75.0,64.97829232995659,1.0
329,G,G,29,1,0.4950213371266003,0.05360562674188975,0.3904420990565519,91.66666666666666,95.9479015918958,1.0
137,V,V,33,1,0.5577464788732395,0.05025189076296061,0.4275022529659791,91.66666666666666,95.41547277936962,1.0
63,V,V,46,1,0.7863247863247863,0.042562826537937436,0.544484159275996,91.66666666666666,93.47826086956522,1.0
299,S,S,207,2,3.533428165007112,0.040128617695256406,0.8676029269240156,83.33333333333334,70.33285094066571,1.0
112,L,L,230,2,3.9316239316239314,0.038069349381344056,0.903281985374081,83.33333333333334,66.95652173913044,1.0
104,V,V,80,1,1.3655761024182076,0.032274861218395144,0.7447664070654032,91.66666666666666,88.5672937771346,1.0
88,F,F,128,1,2.1849217638691325,0.02551551815399144,0.8875134661787796,91.66666666666666,81.62083936324169,1.0
183,M,M,137,1,2.328611898016997,0.02466318118334951,0.9025691027115659,91.66666666666666,80.40345821325649,1.0
173,V,V,281,1,4.749295774647887,0.017220914757957267,0.9913422099079429,91.66666666666666,59.885386819484246,1.0
8,N,N,68,0,1.1623931623931625,0.0,1.0,100.0,90.14492753623189,1.0
11,V,V,31,0,0.5299145299145299,0.0,1.0,100.0,95.5072463768116,1.0
13,F,F,21,0,0.358974358974359,0.0,1.0,100.0,96.95652173913044,1.0
14,S,S,2,0,0.03418803418803419,0.0,1.0,100.0,99.71014492753623,1.0
16,K,K,315,0,5.384615384615385,0.0,1.0,100.0,54.347826086956516,1.0
17,T,T,24,0,0.41025641025641024,0.0,1.0,100.0,96.52173913043478,1.0
19,V,V,9,0,0.15362731152204837,0.0,1.0,100.0,98.69753979739508,1.0
21,R,R,2,0,0.034139402560455195,0.0,1.0,100.0,99.71056439942113,1.0
29,Y,Y,1,0,0.017069701280227598,0.0,1.0,100.0,99.85528219971056,1.0
33,E,E,4,0,0.06827880512091039,0.0,1.0,100.0,99.42112879884226,1.0
35,W,W,2,0,0.034139402560455195,0.0,1.0,100.0,99.71056439942113,1.0
36,Q,Q,9,0,0.15362731152204837,0.0,1.0,100.0,98.69753979739508,1.0
37,F,F,3,0,0.051209103840682786,0.0,1.0,100.0,99.56584659913169,1.0
45,F,F,10,0,0.17045454545454544,0.0,1.0,100.0,98.55491329479769,1.0
46,L,L,72,0,1.2307692307692308,0.0,1.0,100.0,89.56521739130436,1.0
48,I,I,2,0,0.03418803418803419,0.0,1.0,100.0,99.71014492753623,1.0
49,V,V,55,0,0.9401709401709402,0.0,1.0,100.0,92.02898550724638,1.0
51,G,G,4,0,0.06837606837606838,0.0,1.0,100.0,99.42028985507247,1.0
54,I,I,10,0,0.17094017094017094,0.0,1.0,100.0,98.55072463768117,1.0
56,F,F,3,0,0.05128205128205128,0.0,1.0,100.0,99.56521739130434,1.0
67,K,K,2,0,0.03418803418803419,0.0,1.0,100.0,99.71014492753623,1.0
70,T,T,19,0,0.3247863247863248,0.0,1.0,100.0,97.2463768115942,1.0
74,Y,Y,1,0,0.017069701280227598,0.0,1.0,100.0,99.85528219971056,1.0
75,I,I,2,0,0.034139402560455195,0.0,1.0,100.0,99.71056439942113,1.0
81,V,V,36,0,0.6136363636363636,0.0,1.0,100.0,94.79768786127167,1.0
84,L,L,8,0,0.13636363636363635,0.0,1.0,100.0,98.84393063583815,1.0
85,F,F,5,0,0.08522727272727272,0.0,1.0,100.0,99.27745664739885,1.0
89,G,G,25,0,0.4267425320056899,0.0,1.0,100.0,96.38205499276411,1.0
92,T,T,3,0,0.051209103840682786,0.0,1.0,100.0,99.56584659913169,1.0
93,T,T,49,0,0.8364153627311522,0.0,1.0,100.0,92.90882778581766,1.0
94,T,T,1,0,0.017069701280227598,0.0,1.0,100.0,99.85528219971056,1.0
95,L,L,52,0,0.887624466571835,0.0,1.0,100.0,92.47467438494935,1.0
97,T,T,1,0,0.017069701280227598,0.0,1.0,100.0,99.85528219971056,1.0
98,S,S,4,0,0.06827880512091039,0.0,1.0,100.0,99.42112879884226,1.0
99,L,L,69,0,1.1778093883357041,0.0,1.0,100.0,90.01447178002894,1.0
100,H,H,30,0,0.5120910384068279,0.0,1.0,100.0,95.65846599131693,1.0
102,Y,Y,9,0,0.15362731152204837,0.0,1.0,100.0,98.69753979739508,1.0
105,F,F,4,0,0.06827880512091039,0.0,1.0,100.0,99.42112879884226,1.0
108,T,T,10,0,0.17094017094017094,0.0,1.0,100.0,98.55072463768117,1.0
109,G,G,2,0,0.03418803418803419,0.0,1.0,100.0,99.71014492753623,1.0
111,N,N,31,0,0.5299145299145299,0.0,1.0,100.0,95.5072463768116,1.0
116,F,F,4,0,0.06837606837606838,0.0,1.0,100.0,99.42028985507247,1.0
119,L,L,19,0,0.3247863247863248,0.0,1.0,100.0,97.2463768115942,1.0
121,G,G,1,0,0.01702127659574468,0.0,1.0,100.0,99.85569985569985,1.0
123,I,I,60,0,1.0140845070422535,0.0,1.0,100.0,91.40401146131805,1.0
124,A,A,11,0,0.18591549295774648,0.0,1.0,100.0,98.42406876790831,1.0
125,L,L,1,0,0.016901408450704224,0.0,1.0,100.0,99.8567335243553,1.0
133,I,I,13,0,0.21971830985915494,0.0,1.0,100.0,98.13753581661892,1.0
154,I,I,13,0,0.21971830985915494,0.0,1.0,100.0,98.13753581661892,1.0
155,M,M,13,0,0.21971830985915494,0.0,1.0,100.0,98.13753581661892,1.0
166,A,A,6,0,0.10140845070422536,0.0,1.0,100.0,99.14040114613181,1.0
169,A,A,67,0,1.1323943661971831,0.0,1.0,100.0,90.40114613180515,1.0
172,L,L,1,0,0.016901408450704224,0.0,1.0,100.0,99.8567335243553,1.0
179,I,I,18,0,0.3055162659123055,0.0,1.0,100.0,97.41007194244604,1.0
189,I,I,32,0,0.5454545454545454,0.0,1.0,100.0,95.37572254335261,1.0
194,L,L,70,0,1.1931818181818181,0.0,1.0,100.0,89.88439306358381,1.0
196,P,P,18,0,0.3068181818181818,0.0,1.0,100.0,97.39884393063583,1.0
198,V,V,93,0,1.5852272727272727,0.0,1.0,100.0,86.5606936416185,1.0
199,N,N,6,0,0.10227272727272728,0.0,1.0,100.0,99.13294797687861,1.0
201,E,E,6,0,0.10227272727272728,0.0,1.0,100.0,99.13294797687861,1.0
203,F,F,3,0,0.05113636363636364,0.0,1.0,100.0,99.56647398843931,1.0
205,I,I,55,0,0.9375,0.0,1.0,100.0,92.05202312138728,1.0
209,V,V,24,0,0.4090909090909091,0.0,1.0,100.0,96.53179190751445,1.0
214,I,I,9,0,0.1534090909090909,0.0,1.0,100.0,98.69942196531792,1.0
220,F,F,5,0,0.08522727272727272,0.0,1.0,100.0,99.27745664739885,1.0
225,Q,Q,8,0,0.13636363636363635,0.0,1.0,100.0,98.84393063583815,1.0
227,V,V,9,0,0.15362731152204837,0.0,1.0,100.0,98.69753979739508,1.0
229,T,T,1,0,0.017069701280227598,0.0,1.0,100.0,99.85528219971056,1.0
230,V,V,1,0,0.017069701280227598,0.0,1.0,100.0,99.85528219971056,1.0
239,E,E,1,0,0.017045454545454544,0.0,1.0,100.0,99.85549132947978,1.0
255,I,I,25,0,0.4267425320056899,0.0,1.0,100.0,96.38205499276411,1.0
256,I,I,47,0,0.802275960170697,0.0,1.0,100.0,93.19826338639653,1.0
258,V,V,1,0,0.017069701280227598,0.0,1.0,100.0,99.85528219971056,1.0
260,A,A,84,0,1.433854907539118,0.0,1.0,100.0,87.84370477568741,1.0
261,F,F,1,0,0.017069701280227598,0.0,1.0,100.0,99.85528219971056,1.0
263,I,I,14,0,0.23931623931623933,0.0,1.0,100.0,97.97101449275362,1.0
266,V,V,286,0,4.888888888888889,0.0,1.0,100.0,58.550724637681164,1.0
270,S,S,156,0,2.6666666666666665,0.0,1.0,100.0,77.39130434782608,1.0
271,V,V,3,0,0.05128205128205128,0.0,1.0,100.0,99.56521739130434,1.0
273,F,F,112,0,1.9145299145299146,0.0,1.0,100.0,83.76811594202898,1.0
274,Y,Y,22,0,0.37606837606837606,0.0,1.0,100.0,96.81159420289856,1.0
277,T,T,17,0,0.2905982905982906,0.0,1.0,100.0,97.53623188405797,1.0
281,S,S,1,0,0.017069701280227598,0.0,1.0,100.0,99.85528219971056,1.0
286,I,I,42,0,0.716927453769559,0.0,1.0,100.0,93.92185238784371,1.0
287,F,F,41,0,0.6998577524893315,0.0,1.0,100.0,94.06657018813314,1.0
300,I,I,120,0,2.0483641536273116,0.0,1.0,100.0,82.63386396526772,1.0
304,V,V,14,0,0.23897581792318634,0.0,1.0,100.0,97.9739507959479,1.0
307,I,I,1,0,0.017069701280227598,0.0,1.0,100.0,99.85528219971056,1.0
308,M,M,20,0,0.3413940256045519,0.0,1.0,100.0,97.10564399421129,1.0
309,M,M,24,0,0.4096728307254623,0.0,1.0,100.0,96.52677279305355,1.0
314,R,R,1,0,0.017069701280227598,0.0,1.0,100.0,99.85528219971056,1.0
316,C,C,1,0,0.017069701280227598,0.0,1.0,100.0,99.85528219971056,1.0
321,L,L,182,0,3.1066856330014225,0.0,1.0,100.0,73.66136034732273,1.0
322,C,C,3,0,0.05113636363636364,0.0,1.0,100.0,99.56647398843931,1.0
327,P,P,23,0,0.39260312944523473,0.0,1.0,100.0,96.67149059334298,1.0
328,L,L,60,0,1.0241820768136558,0.0,1.0,100.0,91.31693198263386,1.0
330,D,D,52,0,0.887624466571835,0.0,1.0,100.0,92.47467438494935,1.0
331,D,D,74,0,1.263157894736842,0.0,1.0,100.0,89.29088277858177,1.0
332,E,E,28,0,0.4779516358463727,0.0,1.0,100.0,95.9479015918958,1.0
334,S,S,8,0,0.14055636896046853,0.0,1.0,100.0,98.80774962742176,1.0
338,A,A,317,0,5.426533523537803,0.0,1.0,100.0,53.99129172714079,1.0
339,S,S,1,0,0.017118402282453638,0.0,1.0,100.0,99.85486211901306,1.0
340,K,K,12,0,0.20542082738944364,0.0,1.0,100.0,98.25834542815674,1.0
343,T,T,8,0,0.1369472182596291,0.0,1.0,100.0,98.8388969521045,1.0
