site_u,site_v,ref_u,ref_v,lrt_u,lrt_v,similarity,shared_branches,branches_u,branches_v,cesi,p_hyper,fdr_q
697,726,A,N,6.903186321258545,1.330396294593811,0.9462791681289673,20,26,20,3.791735903190498,1.447498666631036e-05,0.00010743046873767741
685,930,M,D,1.651099681854248,4.068105220794678,0.9823681712150574,18,18,20,3.255696315858996,1.0751086825952617e-08,2.616872276550361e-07
697,720,A,K,6.903186321258545,0.9488229751586914,0.9462777376174927,20,26,20,3.2021340385169546,1.447498666631036e-05,0.00010743046873767741
427,697,Q,A,0.8723526000976562,6.903186321258545,0.9462776184082031,20,20,26,3.070385357021533,1.447498666631036e-05,0.00010743046873767741
704,930,R,D,1.8608973026275635,4.068105220794678,0.9418482780456543,14,14,20,3.0477494543545998,6.346724922920696e-06,5.070903796654513e-05
763,930,K,D,2.0900003910064697,4.068105220794678,0.9142490029335022,12,12,20,2.969592610314809,6.80006241741503e-05,0.000453144603252827
567,930,Q,D,1.5364588499069214,4.068105220794678,0.9418574571609497,14,14,20,2.769381318181118,6.346724922920696e-06,5.070903796654513e-05
173,930,K,D,1.1692625284194946,4.068105220794678,0.9907769560813904,18,18,20,2.7632162317663567,1.0751086825952617e-08,2.616872276550361e-07
628,930,A,D,3.731529712677002,4.068105220794678,0.8306823968887329,6,6,20,2.735153110071083,0.016672516672516673,0.04135323582955126
697,727,A,I,6.903186321258545,0.6470930576324463,0.9462780952453613,20,26,20,2.644420074656873,1.447498666631036e-05,0.00010743046873767741
452,628,G,A,2.2035114765167236,3.731529712677002,1.0000001192092896,6,6,6,2.4233059948271167,4.301474889710184e-07,3.84920545229761e-06
459,697,L,A,0.4793519973754883,6.903186321258545,0.9642666578292847,22,22,26,2.3885785820346954,1.5965058823136424e-06,1.4125017892414905e-05
505,930,L,D,0.813814640045166,4.068105220794678,0.9886327981948853,20,20,20,2.3784681623621426,6.287185278334864e-11,1.9691464533955203e-08
279,930,S,D,3.291377067565918,4.068105220794678,0.6770777106285095,8,8,20,2.3641889586005838,0.00326279358537423,0.014983973162702103
913,930,N,D,1.1350497007369995,4.068105220794678,0.9295625686645508,13,13,20,2.2893663300857034,2.1760199735728098e-05,0.00015849521807340775
704,763,R,K,1.8608973026275635,2.0900003910064697,0.9823795557022095,12,14,12,2.1581260587367948,4.9123257917342844e-08,4.6906721082927463e-07
244,279,H,S,1.5463627576828003,3.291377067565918,0.9897122383117676,8,8,8,2.1306504709668723,2.5901354174598953e-08,2.616872276550361e-07
452,930,G,D,2.2035114765167236,4.068105220794678,0.8306823372840881,6,6,20,2.101821439598923,0.016672516672516673,0.04135323582955126
279,557,S,R,3.291377067565918,1.3668135404586792,0.9999998211860657,8,8,8,2.0239609898507065,2.5901354174598953e-08,2.616872276550361e-07
567,704,Q,R,1.5364588499069214,1.8608973026275635,1.0,14,14,14,1.988669861706543,1.637441930578095e-10,3.205292690641737e-08
685,763,M,K,1.651099681854248,2.0900003910064697,0.9573968648910522,12,18,12,1.9811389553080236,1.0021144615137942e-05,7.655176793888108e-05
567,763,Q,K,1.5364588499069214,2.0900003910064697,0.9823594689369202,12,14,12,1.9609530335296361,4.9123257917342844e-08,4.6906721082927463e-07
451,697,H,A,0.4137519598007202,6.903186321258545,0.9225645065307617,17,17,26,1.9571746777670849,0.000196446247614212,0.0011608860979322344
685,704,M,R,1.651099681854248,1.8608973026275635,0.9648489952087402,13,18,14,1.9383863148268041,2.715730190702382e-05,0.0001918720263839114
628,704,A,R,3.731529712677002,1.8608973026275635,0.8680303692817688,6,6,14,1.9330659435157147,0.0012917329093799681,0.00656770681584399
279,461,S,V,3.291377067565918,1.2188901901245117,0.9999998211860657,8,8,8,1.911304103466937,2.5901354174598953e-08,2.616872276550361e-07
589,930,E,D,0.8610582947731018,4.068105220794678,0.9142489433288574,12,12,20,1.9060747981055064,6.80006241741503e-05,0.000453144603252827
165,279,A,S,1.1350454092025757,3.291377067565918,1.0,8,8,8,1.8443961084792948,2.5901354174598953e-08,2.616872276550361e-07
258,279,V,S,1.1248142719268799,3.291377067565918,0.9999441504478455,8,8,8,1.8359621865179527,2.5901354174598953e-08,2.616872276550361e-07
697,833,A,D,6.903186321258545,0.5352556705474854,0.908430814743042,10,26,10,1.8184937654138706,0.01524913997105321,0.04124378697666788
279,448,S,K,3.291377067565918,1.0962797403335571,0.9999998807907104,8,8,8,1.812626067573753,2.5901354174598953e-08,2.616872276550361e-07
279,776,S,K,3.291377067565918,1.0962797403335571,0.9999998807907104,8,8,8,1.812626067573753,2.5901354174598953e-08,2.616872276550361e-07
567,685,Q,M,1.5364588499069214,1.651099681854248,0.9648376703262329,13,14,18,1.761304727946808,2.715730190702382e-05,0.0001918720263839114
567,628,Q,A,1.5364588499069214,3.731529712677002,0.8680300712585449,6,14,6,1.7564904136874124,0.0012917329093799681,0.00656770681584399
628,685,A,M,3.731529712677002,1.651099681854248,0.8365567922592163,6,6,18,1.7548201923783326,0.007985257985257985,0.02249085128293942
628,763,A,K,3.731529712677002,2.0900003910064697,0.7856740951538086,5,6,12,1.7073520856225268,0.008914376561435382,0.024577312974888885
763,913,K,N,2.0900003910064697,1.1350497007369995,0.9925641417503357,12,12,13,1.7029516216503038,7.0176082739061215e-09,2.616872276550361e-07
154,279,I,S,0.9582025408744812,3.291377067565918,0.9999998211860657,8,8,8,1.6946349553997215,2.5901354174598953e-08,2.616872276550361e-07
244,930,H,D,1.5463627576828003,4.068105220794678,0.7055933475494385,8,8,20,1.6887486567476522,0.00326279358537423,0.014983973162702103
173,685,K,M,1.1692625284194946,1.651099681854248,0.9832187294960022,16,18,18,1.6809561934482842,1.4998331968878952e-06,1.3345106419199677e-05
704,913,R,N,1.8608973026275635,1.1350497007369995,0.9940028786659241,13,14,13,1.6557296294770416,3.929860633387427e-09,2.616872276550361e-07
173,763,K,K,1.1692625284194946,2.0900003910064697,0.9465070366859436,12,18,12,1.6482236930353,1.0021144615137942e-05,7.655176793888108e-05
173,704,K,R,1.1692625284194946,1.8608973026275635,0.9610650539398193,13,18,14,1.6248120865648399,2.715730190702382e-05,0.0001918720263839114
147,279,L,S,0.8637832403182983,3.291377067565918,0.9999985694885254,8,8,8,1.608975178689178,2.5901354174598953e-08,2.616872276550361e-07
930,988,D,N,4.068105220794678,0.821723997592926,0.8673375844955444,9,20,9,1.5857957148714596,0.00135012148360313,0.0068423631081122515
930,1097,D,S,4.068105220794678,0.5904603600502014,0.9142489433288574,12,20,12,1.57840713466487,6.800062417415033e-05,0.000453144603252827
557,930,R,D,1.3668135404586792,4.068105220794678,0.6770462393760681,8,8,20,1.5234486301330206,0.00326279358537423,0.014983973162702103
685,913,M,N,1.651099681854248,1.1350497007369995,0.966875433921814,13,18,13,1.5170425012699453,2.4050747076331058e-06,2.10410437998105e-05
567,913,Q,N,1.5364588499069214,1.1350497007369995,0.9939858317375183,13,14,13,1.5044620458186138,3.929860633387427e-09,2.616872276550361e-07
589,763,E,K,0.8610582947731018,2.0900003910064697,0.9999999403953552,12,12,12,1.494350734115108,5.398160210697017e-10,7.685017231675383e-08
628,913,A,N,3.731529712677002,1.1350497007369995,0.8551343679428101,6,6,13,1.4872786611237516,0.0007381330910742674,0.004203332456844774
720,726,K,N,0.9488229751586914,1.330396294593811,0.9999998211860657,20,20,20,1.4855474295031708,6.287185278334864e-11,1.9691464533955203e-08
452,704,G,R,2.2035114765167236,1.8608973026275635,0.8680303692817688,6,6,14,1.4854597063735087,0.0012917329093799681,0.00656770681584399
173,567,K,Q,1.1692625284194946,1.5364588499069214,0.9610726237297058,13,18,14,1.4764060805531984,2.715730190702382e-05,0.0001918720263839114
140,365,S,A,1.7680423259735107,3.4009108543395996,1.0,3,3,3,1.4763309379496374,0.00012870012870012872,0.0007663285662951267
505,685,L,M,0.813814640045166,1.651099681854248,0.9889197945594788,18,20,18,1.4658763416818472,1.0751086825952617e-08,2.616872276550361e-07
461,930,V,D,1.2188901901245117,4.068105220794678,0.6771185398101807,8,8,20,1.4388046881168313,0.00326279358537423,0.014983973162702103
791,930,L,D,0.48772457242012024,4.068105220794678,0.914249062538147,12,12,20,1.4345346303476931,6.80006241741503e-05,0.000453144603252827
427,726,Q,N,0.8723526000976562,1.330396294593811,1.0,20,20,20,1.42442646374477,6.287185278334864e-11,1.9691464533955203e-08
505,704,L,R,0.813814640045166,1.8608973026275635,0.9816656112670898,14,20,14,1.420785617220298,6.346724922920696e-06,5.070903796654513e-05
58,279,H,S,0.6492101550102234,3.291377067565918,1.0,8,8,8,1.3948908685130286,2.5901354174598953e-08,2.616872276550361e-07
505,763,L,K,0.813814640045166,2.0900003910064697,0.9581206440925598,12,20,12,1.391935902030156,6.800062417415033e-05,0.000453144603252827
165,930,A,D,1.1350454092025757,4.068105220794678,0.6770468354225159,8,8,20,1.38828994739408,0.00326279358537423,0.014983973162702103
589,704,E,R,0.8610582947731018,1.8608973026275635,0.9823794364929199,12,12,14,1.3852234971286665,4.9123257917342844e-08,4.6906721082927463e-07
258,930,V,D,1.1248142719268799,4.068105220794678,0.6784793138504028,8,8,20,1.384942900297431,0.00326279358537423,0.014983973162702103
244,557,H,R,1.5463627576828003,1.3668135404586792,0.9896979331970215,8,8,8,1.3730038339558501,2.5901354174598953e-08,2.616872276550361e-07
448,930,K,D,1.0962797403335571,4.068105220794678,0.6771050095558167,8,8,20,1.3644938081914795,0.00326279358537423,0.014983973162702103
776,930,K,D,1.0962797403335571,4.068105220794678,0.6771050095558167,8,8,20,1.3644938081914795,0.00326279358537423,0.014983973162702103
495,628,E,A,0.69583660364151,3.731529712677002,1.0,6,6,6,1.3617713151124085,4.301474889710184e-07,3.84920545229761e-06
452,567,G,Q,2.2035114765167236,1.5364588499069214,0.8680301308631897,6,6,14,1.3497707732531308,0.0012917329093799681,0.00656770681584399
452,685,G,M,2.2035114765167236,1.651099681854248,0.8365567922592163,6,6,18,1.348487203166864,0.007985257985257985,0.02249085128293942
279,872,S,I,3.291377067565918,0.597032368183136,1.0,8,8,8,1.3376623930973444,2.5901354174598953e-08,2.616872276550361e-07
279,365,S,A,3.291377067565918,3.4009108543395996,0.6627568602561951,3,8,3,1.3349974723615738,0.007207207207207208,0.020633431005085624
452,763,G,K,2.2035114765167236,2.0900003910064697,0.7856741547584534,5,6,12,1.3120105543733915,0.008914376561435382,0.024577312974888885
244,461,H,V,1.5463627576828003,1.2188901901245117,0.9897292852401733,8,8,8,1.2966213313424133,2.5901354174598953e-08,2.616872276550361e-07
628,851,A,E,3.731529712677002,0.6275970339775085,1.0,6,6,6,1.2932753136558692,4.301474889710184e-07,3.84920545229761e-06
505,567,L,Q,0.813814640045166,1.5364588499069214,0.9816707372665405,14,20,14,1.2910114179474594,6.346724922920696e-06,5.070903796654513e-05
154,930,I,D,0.9582025408744812,4.068105220794678,0.6771321296691895,8,8,20,1.2757245955933836,0.00326279358537423,0.014983973162702103
589,685,E,M,0.8610582947731018,1.651099681854248,0.9573968648910522,12,12,18,1.2716219953306782,1.002114461513794e-05,7.655176793888108e-05
505,628,L,A,0.813814640045166,3.731529712677002,0.8595937490463257,6,20,6,1.2659208250937821,0.01667251667251667,0.04135323582955126
567,589,Q,E,1.5364588499069214,0.8610582947731018,0.9823594689369202,12,14,12,1.258665376583342,4.9123257917342844e-08,4.6906721082927463e-07
165,244,A,H,1.1350454092025757,1.5463627576828003,0.9896961450576782,8,8,8,1.2511890855602785,2.5901354174598953e-08,2.616872276550361e-07
279,489,S,N,3.291377067565918,2.0637218952178955,0.794874906539917,3,8,3,1.2472484138880175,0.007207207207207208,0.020633431005085624
244,258,H,V,1.5463627576828003,1.1248142719268799,0.9904852509498596,8,8,8,1.2465303942522759,2.5901354174598953e-08,2.616872276550361e-07
763,988,K,N,2.0900003910064697,0.821723997592926,0.948693037033081,9,12,9,1.2432597732202784,1.7684372850243426e-06,1.5558274228854142e-05
763,1097,K,S,2.0900003910064697,0.5904603600502014,1.0,12,12,12,1.237461406736217,5.398160210697017e-10,7.685017231675383e-08
173,505,K,L,1.1692625284194946,0.813814640045166,0.9919952154159546,18,18,20,1.2374145328565938,1.0751086825952617e-08,2.616872276550361e-07
461,557,V,R,1.2188901901245117,1.3668135404586792,0.9999997615814209,8,8,8,1.231673459303273,2.5901354174598953e-08,2.616872276550361e-07
244,448,H,K,1.5463627576828003,1.0962797403335571,0.989720344543457,8,8,8,1.2296673508554226,2.5901354174598953e-08,2.616872276550361e-07
244,776,H,K,1.5463627576828003,1.0962797403335571,0.989720344543457,8,8,8,1.2296673508554226,2.5901354174598953e-08,2.616872276550361e-07
726,727,N,I,1.330396294593811,0.6470930576324463,0.9999999403953552,20,20,20,1.2268101150090893,6.287185278334864e-11,1.9691464533955203e-08
173,913,K,N,1.1692625284194946,1.1350497007369995,0.9510973691940308,12,18,13,1.2205386647258263,0.00010141398350519596,0.0006672869785688818
646,697,D,A,0.13749729096889496,6.903186321258545,0.9462764263153076,20,20,26,1.2189710177669486,1.447498666631036e-05,0.00010743046873767741
279,685,S,M,3.291377067565918,1.651099681854248,0.5784382820129395,7,8,18,1.2177650930462387,0.016794800665768408,0.04135323582955126
147,930,L,D,0.8637832403182983,4.068105220794678,0.6772674918174744,8,8,20,1.2114833931459865,0.00326279358537423,0.014983973162702103
279,652,S,A,3.291377067565918,0.483479768037796,0.9999997615814209,8,8,8,1.2037509086916962,2.5901354174598953e-08,2.616872276550361e-07
365,433,A,V,3.4009108543395996,1.1707282066345215,1.0000001192092896,3,3,3,1.201338747655733,0.00012870012870012872,0.0007663285662951267
165,557,A,R,1.1350454092025757,1.3668135404586792,1.0000001192092896,8,8,8,1.188557141349761,2.5901354174598953e-08,2.616872276550361e-07
258,557,V,R,1.1248142719268799,1.3668135404586792,0.9999421834945679,8,8,8,1.1831197243648435,2.5901354174598953e-08,2.616872276550361e-07
495,930,E,D,0.69583660364151,4.068105220794678,0.8306823372840881,6,6,20,1.181113938249933,0.016672516672516673,0.04135323582955126
279,359,S,V,3.291377067565918,0.45568394660949707,0.9999999403953552,8,8,8,1.1686364222266925,2.5901354174598953e-08,2.616872276550361e-07
448,557,K,R,1.0962797403335571,1.3668135404586792,0.9999997019767761,8,8,8,1.1680836915903867,2.5901354174598953e-08,2.616872276550361e-07
557,776,R,K,1.3668135404586792,1.0962797403335571,0.9999997019767761,8,8,8,1.1680836915903867,2.5901354174598953e-08,2.616872276550361e-07
704,988,R,N,1.8608973026275635,0.821723997592926,0.9319748878479004,9,14,9,1.1524667351058766,1.6092779293721518e-05,0.00011831592692801742
679,930,N,D,0.4033426344394684,4.068105220794678,0.8321259021759033,11,11,20,1.1503144738807245,0.000196446247614212,0.0011608860979322344
154,244,I,H,0.9582025408744812,1.5463627576828003,0.9897351861000061,8,8,8,1.1496406712746374,2.5901354174598953e-08,2.616872276550361e-07
704,1097,R,S,1.8608973026275635,0.5904603600502014,0.9823794960975647,12,14,12,1.147093905132364,4.9123257917342844e-08,4.6906721082927463e-07
452,913,G,N,2.2035114765167236,1.1350497007369995,0.8551343679428101,6,6,13,1.1428955802875393,0.0007381330910742674,0.004203332456844774
763,791,K,L,2.0900003910064697,0.48772457242012024,1.0,12,12,12,1.1246661087807455,5.398160210697017e-10,7.685017231675383e-08
165,461,A,V,1.1350454092025757,1.2188901901245117,0.9999998807907104,8,8,8,1.1223998936957142,2.5901354174598953e-08,2.616872276550361e-07
851,930,E,D,0.6275970339775085,4.068105220794678,0.8306823372840881,6,6,20,1.121704857491004,0.016672516672516673,0.04135323582955126
258,461,V,V,1.1248142719268799,1.2188901901245117,0.9999462366104126,8,8,8,1.1172699282535161,2.5901354174598953e-08,2.616872276550361e-07
448,461,K,V,1.0962797403335571,1.2188901901245117,1.0,8,8,8,1.103066625039083,2.5901354174598953e-08,2.616872276550361e-07
461,776,V,K,1.2188901901245117,1.0962797403335571,1.0,8,8,8,1.103066625039083,2.5901354174598953e-08,2.616872276550361e-07
589,628,E,A,0.8610582947731018,3.731529712677002,0.7856741547584534,5,12,6,1.0958881126151532,0.008914376561435382,0.024577312974888885
589,913,E,N,0.8610582947731018,1.1350497007369995,0.9925642013549805,12,12,13,1.0930635952183134,7.0176082739061215e-09,2.616872276550361e-07
154,557,I,R,0.9582025408744812,1.3668135404586792,0.999999463558197,8,8,8,1.0920482365637905,2.5901354174598953e-08,2.616872276550361e-07
147,244,L,H,0.8637832403182983,1.5463627576828003,0.9898340106010437,8,8,8,1.0916394176686595,2.5901354174598953e-08,2.616872276550361e-07
173,279,K,S,1.1692625284194946,3.291377067565918,0.6096904873847961,7,18,8,1.0801530133782182,0.016794800665768404,0.04135323582955126
165,258,A,V,1.1350454092025757,1.1248142719268799,0.9999422430992126,8,8,8,1.078153762005336,2.5901354174598953e-08,2.616872276550361e-07
505,913,L,N,0.813814640045166,1.1350497007369995,0.9720144271850586,13,20,13,1.0707202970905674,2.1760199735728098e-05,0.00015849521807340775
165,448,A,K,1.1350454092025757,1.0962797403335571,0.9999998211860657,8,8,8,1.0644517841688246,2.5901354174598953e-08,2.616872276550361e-07
165,776,A,K,1.1350454092025757,1.0962797403335571,0.9999998211860657,8,8,8,1.0644517841688246,2.5901354174598953e-08,2.616872276550361e-07
148,279,I,S,0.3927111029624939,3.291377067565918,0.9775376319885254,8,8,8,1.0605170481271964,2.5901354174598953e-08,2.616872276550361e-07
258,448,V,K,1.1248142719268799,1.0962797403335571,0.9999450445175171,8,8,8,1.0595854724200082,2.5901354174598953e-08,2.616872276550361e-07
258,776,V,K,1.1248142719268799,1.0962797403335571,0.9999450445175171,8,8,8,1.0595854724200082,2.5901354174598953e-08,2.616872276550361e-07
685,988,M,N,1.651099681854248,0.821723997592926,0.9082727432250977,9,18,9,1.0579518770478875,0.00039082463999037966,0.002292252318368534
173,589,K,E,1.1692625284194946,0.8610582947731018,0.9465069770812988,12,18,12,1.05793556968153,1.0021144615137942e-05,7.655176793888108e-05
279,883,S,K,3.291377067565918,0.3730928301811218,0.9999998807907104,8,8,8,1.0574405947634093,2.5901354174598953e-08,2.616872276550361e-07
244,365,H,A,1.5463627576828003,3.4009108543395996,0.7630756497383118,3,8,3,1.0535634071684803,0.007207207207207208,0.020633431005085624
279,437,S,I,3.291377067565918,0.910283625125885,0.8705736994743347,4,8,4,1.0532737632517684,0.0010598834128245891,0.005755478587495734
685,1097,M,S,1.651099681854248,0.5904603600502014,0.9573969841003418,12,18,12,1.053021361983432,1.0021144615137942e-05,7.655176793888108e-05
459,726,L,N,0.4793519973754883,1.330396294593811,0.996649980545044,20,22,20,1.0523590421641291,1.4523397992953541e-08,2.616872276550361e-07
58,930,H,D,0.6492101550102234,4.068105220794678,0.6771160960197449,8,8,20,1.0500515931151522,0.00326279358537423,0.014983973162702103
567,988,Q,N,1.5364588499069214,0.821723997592926,0.931955099105835,9,14,9,1.0471730113179167,1.6092779293721518e-05,0.00011831592692801742
452,495,G,E,2.2035114765167236,0.69583660364151,0.9999998807907104,6,6,6,1.046449648309695,4.301474889710184e-07,3.84920545229761e-06
448,776,K,K,1.0962797403335571,1.0962797403335571,1.0,8,8,8,1.046116730463385,2.5901354174598953e-08,2.616872276550361e-07
704,791,R,L,1.8608973026275635,0.48772457242012024,0.982379674911499,12,14,12,1.0425358451534328,4.9123257917342844e-08,4.6906721082927463e-07
567,1097,Q,S,1.5364588499069214,0.5904603600502014,0.9823593497276306,12,14,12,1.0422918195262203,4.9123257917342844e-08,4.6906721082927463e-07
147,557,L,R,0.8637832403182983,1.3668135404586792,0.9999985098838806,8,8,8,1.0368480979423247,2.5901354174598953e-08,2.616872276550361e-07
466,726,S,N,1.9274743795394897,1.330396294593811,0.7661179304122925,6,6,20,1.0367822219143807,0.016672516672516673,0.04135323582955126
154,461,I,V,0.9582025408744812,1.2188901901245117,1.0,8,8,8,1.031263648793724,2.5901354174598953e-08,2.616872276550361e-07
279,679,S,N,3.291377067565918,0.4033426344394684,0.9316018223762512,8,8,11,1.0242712285290272,4.2737234388088275e-06,3.522447758721108e-05
279,464,S,A,3.291377067565918,0.345157265663147,1.0,8,8,8,1.0170822822825065,2.5901354174598953e-08,2.616872276550361e-07
628,988,A,N,3.731529712677002,0.821723997592926,0.7453559041023254,5,6,9,1.0156268009380662,0.0015536927301633182,0.007823417455083735
872,930,I,D,0.597032368183136,4.068105220794678,0.6770868301391602,8,8,20,1.0069273871331677,0.00326279358537423,0.014983973162702103
154,165,I,A,0.9582025408744812,1.1350454092025757,0.9999998211860657,8,8,8,0.9951624008822109,2.5901354174598953e-08,2.616872276550361e-07
452,851,G,E,2.2035114765167236,0.6275970339775085,1.0000001192092896,6,6,6,0.9938143099264118,4.301474889710184e-07,3.84920545229761e-06
154,258,I,V,0.9582025408744812,1.1248142719268799,0.9999470114707947,8,8,8,0.9906148052385301,2.5901354174598953e-08,2.616872276550361e-07
147,461,L,V,0.8637832403182983,1.2188901901245117,0.9999985098838806,8,8,8,0.9791354844320551,2.5901354174598953e-08,2.616872276550361e-07
154,448,I,K,0.9582025408744812,1.0962797403335571,0.9999998807907104,8,8,8,0.9780207318646634,2.5901354174598953e-08,2.616872276550361e-07
154,776,I,K,0.9582025408744812,1.0962797403335571,0.9999998807907104,8,8,8,0.9780207318646634,2.5901354174598953e-08,2.616872276550361e-07
360,466,V,S,0.6917679905891418,1.9274743795394897,1.0,6,6,6,0.9758467784675325,4.301474889710184e-07,3.84920545229761e-06
452,505,G,L,2.2035114765167236,0.813814640045166,0.8595936894416809,6,6,20,0.9727936354425938,0.016672516672516673,0.04135323582955126
140,279,S,S,1.7680423259735107,3.291377067565918,0.6627568602561951,3,3,8,0.9625629651987391,0.007207207207207208,0.020633431005085624
685,791,M,L,1.651099681854248,0.48772457242012024,0.9573970437049866,12,18,12,0.9570379366409927,1.0021144615137942e-05,7.655176793888108e-05
567,791,Q,L,1.5364588499069214,0.48772457242012024,0.9823594689369202,12,14,12,0.9472864533387095,4.9123257917342844e-08,4.6906721082927463e-07
58,244,H,H,0.6492101550102234,1.5463627576828003,0.9897317290306091,8,8,8,0.9462907520228442,2.5901354174598953e-08,2.616872276550361e-07
147,165,L,A,0.8637832403182983,1.1350454092025757,0.9999984502792358,8,8,8,0.9448591897653497,2.5901354174598953e-08,2.616872276550361e-07
147,258,L,V,0.8637832403182983,1.1248142719268799,0.9999567866325378,8,8,8,0.9405519486490995,2.5901354174598953e-08,2.616872276550361e-07
147,448,L,K,0.8637832403182983,1.0962797403335571,0.999998152256012,8,8,8,0.928583661302646,2.5901354174598953e-08,2.616872276550361e-07
147,776,L,K,0.8637832403182983,1.0962797403335571,0.999998152256012,8,8,8,0.928583661302646,2.5901354174598953e-08,2.616872276550361e-07
121,365,N,A,0.6880372762680054,3.4009108543395996,1.0,3,3,3,0.9209655308840492,0.00012870012870012872,0.0007663285662951267
451,726,H,N,0.4137519598007202,1.330396294593811,0.9865930676460266,17,17,20,0.9188330774395489,7.167391217301746e-08,6.802505590092716e-07
913,988,N,N,1.1350497007369995,0.821723997592926,0.9416384100914001,9,13,9,0.9093992459653463,5.747421176329114e-06,4.712283605183517e-05
628,1097,A,S,3.731529712677002,0.5904603600502014,0.7856742143630981,5,6,12,0.9074973073944054,0.008914376561435382,0.024577312974888885
244,872,H,I,1.5463627576828003,0.597032368183136,0.9897130131721497,8,8,8,0.9074499258970479,2.5901354174598953e-08,2.616872276550361e-07
652,930,A,D,0.483479768037796,4.068105220794678,0.677007257938385,8,8,20,0.9060190418391959,0.00326279358537423,0.014983973162702103
913,1097,N,S,1.1350497007369995,0.5904603600502014,0.9925641417503357,12,13,12,0.9051582212007546,7.0176082739061215e-09,2.616872276550361e-07
58,557,H,R,0.6492101550102234,1.3668135404586792,0.9999997615814209,8,8,8,0.8988887488099394,2.5901354174598953e-08,2.616872276550361e-07
275,279,T,S,0.26473212242126465,3.291377067565918,1.0,8,8,8,0.8907398858489809,2.5901354174598953e-08,2.616872276550361e-07
325,365,N,A,0.6425378918647766,3.4009108543395996,1.0,3,3,3,0.8899933551801228,0.00012870012870012872,0.0007663285662951267
173,988,K,N,1.1692625284194946,0.821723997592926,0.8979420065879822,9,18,9,0.8801714754822187,0.00039082463999037966,0.002292252318368534
359,930,V,D,0.45568394660949707,4.068105220794678,0.6771212220191956,8,8,20,0.8797375676878135,0.00326279358537423,0.014983973162702103
173,1097,K,S,1.1692625284194946,0.5904603600502014,0.9465069770812988,12,18,12,0.8760690046690602,1.0021144615137942e-05,7.655176793888108e-05
466,720,S,K,1.9274743795394897,0.9488229751586914,0.7661070823669434,6,6,20,0.8755550854819821,0.016672516672516673,0.04135323582955126
279,505,S,L,3.291377067565918,0.813814640045166,0.5587365031242371,8,8,20,0.872604349798771,0.00326279358537423,0.014983973162702103
628,832,A,L,3.731529712677002,0.7781771421432495,0.7302967309951782,4,6,5,0.8698424182206225,0.001080530492295198,0.005755478587495734
140,433,S,V,1.7680423259735107,1.1707282066345215,1.0,3,3,3,0.8661919391178537,0.00012870012870012872,0.0007663285662951267
557,872,R,I,1.3668135404586792,0.597032368183136,0.9999998807907104,8,8,8,0.8620099574396115,2.5901354174598953e-08,2.616872276550361e-07
148,930,I,D,0.3927111029624939,4.068105220794678,0.7141472697257996,8,8,20,0.8613491280514476,0.00326279358537423,0.014983973162702103
244,685,H,M,1.5463627576828003,1.651099681854248,0.5965295433998108,7,8,18,0.8608060723042134,0.016794800665768408,0.04135323582955126
365,557,A,R,3.4009108543395996,1.3668135404586792,0.662682294845581,3,3,8,0.8601959548411904,0.007207207207207208,0.020633431005085624
58,461,H,V,0.6492101550102234,1.2188901901245117,1.0,8,8,8,0.8488553743827373,2.5901354174598953e-08,2.616872276550361e-07
452,589,G,E,2.2035114765167236,0.8610582947731018,0.7856740951538086,5,6,12,0.8421324248894789,0.008914376561435382,0.024577312974888885
427,466,Q,S,0.8723526000976562,1.9274743795394897,0.7661003470420837,6,20,6,0.8395239504679031,0.01667251667251667,0.04135323582955126
495,704,E,R,0.69583660364151,1.8608973026275635,0.8680304288864136,6,6,14,0.8347508743256793,0.0012917329093799681,0.00656770681584399
628,791,A,L,3.731529712677002,0.48772457242012024,0.7856742143630981,5,6,12,0.8247784212747028,0.008914376561435382,0.024577312974888885
791,913,L,N,0.48772457242012024,1.1350497007369995,0.9925642609596252,12,12,13,0.8226526428957511,7.0176082739061215e-09,2.616872276550361e-07
58,165,H,A,0.6492101550102234,1.1350454092025757,0.9999999403953552,8,8,8,0.8191397554471564,2.5901354174598953e-08,2.616872276550361e-07
426,763,L,K,0.28311893343925476,2.0900003910064697,0.9533003568649292,12,19,12,0.8168654021332282,2.7200249669660126e-05,0.0001918720263839114
244,652,H,A,1.5463627576828003,0.483479768037796,0.9896751642227173,8,8,8,0.8165753669727267,2.5901354174598953e-08,2.616872276550361e-07
58,258,H,V,0.6492101550102234,1.1248142719268799,0.999946653842926,8,8,8,0.8153961420168914,2.5901354174598953e-08,2.616872276550361e-07
461,872,V,I,1.2188901901245117,0.597032368183136,1.0,8,8,8,0.8140292098268537,2.5901354174598953e-08,2.616872276550361e-07
365,461,A,V,3.4009108543395996,1.2188901901245117,0.6628457307815552,3,3,8,0.812516420257874,0.007207207207207208,0.020633431005085624
24,628,E,A,0.24553965032100677,3.731529712677002,1.0,6,6,6,0.8089307842641175,4.301474889710184e-07,3.84920545229761e-06
244,489,H,N,1.5463627576828003,2.0637218952178955,0.7497954368591309,3,8,3,0.8064247306547926,0.007207207207207208,0.020633431005085624
58,448,H,K,0.6492101550102234,1.0962797403335571,0.9999998807907104,8,8,8,0.8050299799398009,2.5901354174598953e-08,2.616872276550361e-07
58,776,H,K,0.6492101550102234,1.0962797403335571,0.9999998807907104,8,8,8,0.8050299799398009,2.5901354174598953e-08,2.616872276550361e-07
426,704,L,R,0.28311893343925476,1.8608973026275635,0.9661263227462769,13,19,14,0.8037346855346982,8.187275150567697e-05,0.0005409819646104816
489,557,N,R,2.0637218952178955,1.3668135404586792,0.7948172688484192,3,3,8,0.8036876312447778,0.007207207207207208,0.020633431005085624
173,791,K,L,1.1692625284194946,0.48772457242012024,0.9465070366859436,12,18,12,0.796214876025812,1.0021144615137942e-05,7.655176793888108e-05
883,930,K,D,0.3730928301811218,4.068105220794678,0.6771036982536316,8,8,20,0.7960099303372034,0.00326279358537423,0.014983973162702103
244,359,H,V,1.5463627576828003,0.45568394660949707,0.9897361397743225,8,8,8,0.7928038372192057,2.5901354174598953e-08,2.616872276550361e-07
704,851,R,E,1.8608973026275635,0.6275970339775085,0.868030309677124,6,14,6,0.7927634681226,0.0012917329093799681,0.00656770681584399
165,872,A,I,1.1350454092025757,0.597032368183136,1.0,8,8,8,0.7855327865408056,2.5901354174598953e-08,2.616872276550361e-07
258,365,V,A,1.1248142719268799,3.4009108543395996,0.6670494675636292,3,8,3,0.7854812870257629,0.007207207207207208,0.020633431005085624
557,685,R,M,1.3668135404586792,1.651099681854248,0.5784143805503845,7,8,18,0.7847139840371694,0.016794800665768408,0.04135323582955126
165,365,A,A,1.1350454092025757,3.4009108543395996,0.6626728773117065,3,8,3,0.7838684881676544,0.007207207207207208,0.020633431005085624
279,433,S,V,3.291377067565918,1.1707282066345215,0.6627568602561951,3,8,3,0.7832688590190289,0.007207207207207208,0.020633431005085624
466,629,S,V,1.9274743795394897,0.4862343668937683,0.9573697447776794,6,6,7,0.7832563523448068,3.011032422797128e-06,2.5908114843992074e-05
258,872,V,I,1.1248142719268799,0.597032368183136,0.9999444484710693,8,8,8,0.7819409917231555,2.5901354174598953e-08,2.616872276550361e-07
452,988,G,N,2.2035114765167236,0.821723997592926,0.7453559041023254,5,6,9,0.780455883860157,0.0015536927301633182,0.007823417455083735
173,244,K,H,1.1692625284194946,1.5463627576828003,0.6421356797218323,7,18,8,0.7797754099539399,0.016794800665768404,0.04135323582955126
557,652,R,A,1.3668135404586792,0.483479768037796,0.9999997615814209,8,8,8,0.775715456022902,2.5901354174598953e-08,2.616872276550361e-07
448,872,K,I,1.0962797403335571,0.597032368183136,0.9999998807907104,8,8,8,0.772001848882505,2.5901354174598953e-08,2.616872276550361e-07
776,872,K,I,1.0962797403335571,0.597032368183136,0.9999998807907104,8,8,8,0.772001848882505,2.5901354174598953e-08,2.616872276550361e-07
365,448,A,K,3.4009108543395996,1.0962797403335571,0.6627994775772095,3,3,8,0.7705134847158452,0.007207207207207208,0.020633431005085624
365,776,A,K,3.4009108543395996,1.0962797403335571,0.6627994775772095,3,3,8,0.7705134847158452,0.007207207207207208,0.020633431005085624
930,1093,D,E,4.068105220794678,0.1179245114326477,0.9418589472770691,14,20,14,0.7672290200745964,6.346724922920696e-06,5.070903796654513e-05
464,930,A,D,0.345157265663147,4.068105220794678,0.6770647168159485,8,8,20,0.7655852199817064,0.00326279358537423,0.014983973162702103
140,244,S,H,1.7680423259735107,1.5463627576828003,0.763075590133667,3,3,8,0.7596426652561038,0.007207207207207208,0.020633431005085624
461,489,V,N,1.2188901901245117,2.0637218952178955,0.794969916343689,3,8,3,0.7590988596424321,0.007207207207207208,0.020633431005085624
495,567,E,Q,0.69583660364151,1.5364588499069214,0.8680300712585449,6,6,14,0.7585006671952947,0.0012917329093799681,0.00656770681584399
495,685,E,M,0.69583660364151,1.651099681854248,0.8365567922592163,6,6,18,0.7577794198901977,0.007985257985257985,0.02249085128293942
437,489,I,N,0.910283625125885,2.0637218952178955,0.9130609035491943,3,4,3,0.7534483154317738,0.0005148005148005148,0.0030081255662032583
359,557,V,R,0.45568394660949707,1.3668135404586792,0.9999997615814209,8,8,8,0.7530870103996277,2.5901354174598953e-08,2.616872276550361e-07
279,660,S,N,3.291377067565918,0.3254604935646057,0.7605333924293518,8,8,13,0.7511298228380449,3.333504282270886e-05,0.0002269681661108853
148,244,I,H,0.3927111029624939,1.5463627576828003,0.9976350665092468,8,8,8,0.7418613516105951,2.5901354174598953e-08,2.616872276550361e-07
704,832,R,L,1.8608973026275635,0.7781771421432495,0.7921549677848816,5,14,5,0.7417791259197966,0.004592828122239887,0.020491078710899904
461,685,V,M,1.2188901901245117,1.651099681854248,0.5784707069396973,7,8,18,0.7411077187001053,0.016794800665768408,0.04135323582955126
31,365,D,A,0.44103285670280457,3.4009108543395996,1.0000001192092896,3,3,3,0.7373486960761696,0.00012870012870012872,0.0007663285662951267
495,763,E,K,0.69583660364151,2.0900003910064697,0.7856742143630981,5,6,12,0.7372815032085147,0.008914376561435382,0.024577312974888885
426,685,L,M,0.28311893343925476,1.651099681854248,0.9403269290924072,13,19,18,0.7368568298188917,0.015354975282430908,0.04135323582955126
426,628,L,A,0.28311893343925476,3.731529712677002,0.8434317708015442,6,19,6,0.7326304405638445,0.011670761670761668,0.032007728349384826
461,652,V,A,1.2188901901245117,0.483479768037796,0.9999996423721313,8,8,8,0.7325378131846174,2.5901354174598953e-08,2.616872276550361e-07
165,489,A,N,1.1350454092025757,2.0637218952178955,0.794846773147583,3,8,3,0.7324118927164149,0.007207207207207208,0.020633431005085624
426,567,L,Q,0.28311893343925476,1.5364588499069214,0.9661197066307068,13,19,14,0.7303129476378144,8.187275150567697e-05,0.0005409819646104816
258,489,V,N,1.1248142719268799,2.0637218952178955,0.7959262728691101,3,8,3,0.7300937046147472,0.007207207207207208,0.020633431005085624
11,279,S,S,0.1774190217256546,3.291377067565918,0.9999998807907104,8,8,8,0.7292016074408659,2.5901354174598953e-08,2.616872276550361e-07
466,727,S,I,1.9274743795394897,0.6470930576324463,0.7661057114601135,6,6,20,0.7230585598430329,0.016672516672516673,0.04135323582955126
154,365,I,A,0.9582025408744812,3.4009108543395996,0.6628773212432861,3,8,3,0.720442313425317,0.007207207207207208,0.020633431005085624
567,851,Q,E,1.5364588499069214,0.6275970339775085,0.8680301904678345,6,14,6,0.7203487928596665,0.0012917329093799681,0.00656770681584399
448,489,K,N,1.0962797403335571,2.0637218952178955,0.7949816584587097,3,8,3,0.7199182066398514,0.007207207207207208,0.020633431005085624
489,776,N,K,2.0637218952178955,1.0962797403335571,0.7949816584587097,3,3,8,0.7199182066398514,0.007207207207207208,0.020633431005085624
685,851,M,E,1.651099681854248,0.6275970339775085,0.8365567922592163,6,18,6,0.7196637247859503,0.007985257985257985,0.02249085128293942
244,883,H,K,1.5463627576828003,0.3730928301811218,0.9897183179855347,8,8,8,0.7173556287243231,2.5901354174598953e-08,2.616872276550361e-07
165,685,A,M,1.1350454092025757,1.651099681854248,0.5784164071083069,7,8,18,0.7150969004779725,0.016794800665768408,0.04135323582955126
258,685,V,M,1.1248142719268799,1.651099681854248,0.579364001750946,7,8,18,0.7130329347280165,0.016794800665768408,0.04135323582955126
359,461,V,V,0.45568394660949707,1.2188901901245117,0.9999998211860657,8,8,8,0.7111690325337158,2.5901354174598953e-08,2.616872276550361e-07
244,679,H,N,1.5463627576828003,0.4033426344394684,0.9406303763389587,8,8,11,0.7088763954582685,4.2737234388088275e-06,3.522447758721108e-05
165,652,A,A,1.1350454092025757,0.483479768037796,1.0,8,8,8,0.7068943822674102,2.5901354174598953e-08,2.616872276550361e-07
16,365,K,A,0.4044811427593231,3.4009108543395996,1.0,3,3,3,0.7061330385730272,0.00012870012870012872,0.0007663285662951267
258,652,V,A,1.1248142719268799,0.483479768037796,0.9999394416809082,8,8,8,0.7036586328780999,2.5901354174598953e-08,2.616872276550361e-07
448,685,K,M,1.0962797403335571,1.651099681854248,0.578462541103363,7,8,18,0.7028353699504225,0.016794800665768408,0.04135323582955126
685,776,M,K,1.651099681854248,1.0962797403335571,0.578462541103363,7,18,8,0.7028353699504225,0.016794800665768404,0.04135323582955126
24,930,E,D,0.24553965032100677,4.068105220794678,0.8306823968887329,6,6,20,0.7016152288766456,0.016672516672516673,0.04135323582955126
763,851,K,E,2.0900003910064697,0.6275970339775085,0.7856742739677429,5,12,6,0.7001968899405066,0.008914376561435382,0.024577312974888885
279,364,S,R,3.291377067565918,0.6487399339675903,0.7945678234100342,3,8,3,0.699028491848504,0.007207207207207208,0.020633431005085624
452,1097,G,S,2.2035114765167236,0.5904603600502014,0.7856741547584534,5,6,12,0.6973639911404955,0.008914376561435382,0.024577312974888885
173,557,K,R,1.1692625284194946,1.3668135404586792,0.609639585018158,7,18,8,0.6960089722026274,0.016794800665768404,0.04135323582955126
448,652,K,A,1.0962797403335571,0.483479768037796,0.9999995827674866,8,8,8,0.6947177976362823,2.5901354174598953e-08,2.616872276550361e-07
652,776,A,K,0.483479768037796,1.0962797403335571,0.9999995827674866,8,8,8,0.6947177976362823,2.5901354174598953e-08,2.616872276550361e-07
244,464,H,A,1.5463627576828003,0.345157265663147,0.989703893661499,8,8,8,0.6899668721369998,2.5901354174598953e-08,2.616872276550361e-07
165,359,A,V,1.1350454092025757,0.45568394660949707,0.9999998211860657,8,8,8,0.6862733979122987,2.5901354174598953e-08,2.616872276550361e-07
147,365,L,A,0.8637832403182983,3.4009108543395996,0.6633996963500977,3,8,3,0.684565561386514,0.007207207207207208,0.020633431005085624
148,557,I,R,0.3927111029624939,1.3668135404586792,0.9775165319442749,8,8,8,0.6833986189770714,2.5901354174598953e-08,2.616872276550361e-07
258,359,V,V,1.1248142719268799,0.45568394660949707,0.9999470710754395,8,8,8,0.6831373736929088,2.5901354174598953e-08,2.616872276550361e-07
557,883,R,K,1.3668135404586792,0.3730928301811218,0.9999996423721313,8,8,8,0.6814306944176645,2.5901354174598953e-08,2.616872276550361e-07
244,437,H,I,1.5463627576828003,0.910283625125885,0.8211992979049683,4,8,4,0.6810063542837562,0.0010598834128245891,0.005755478587495734
437,557,I,R,0.910283625125885,1.3668135404586792,0.8705215454101562,4,4,8,0.678705024977271,0.0010598834128245891,0.005755478587495734
359,448,V,K,0.45568394660949707,1.0962797403335571,0.9999998807907104,8,8,8,0.6744523409349333,2.5901354174598953e-08,2.616872276550361e-07
359,776,V,K,0.45568394660949707,1.0962797403335571,0.9999998807907104,8,8,8,0.6744523409349333,2.5901354174598953e-08,2.616872276550361e-07
567,832,Q,L,1.5364588499069214,0.7781771421432495,0.7922499179840088,5,14,5,0.674102478797893,0.004592828122239887,0.020491078710899904
154,489,I,N,0.9582025408744812,2.0637218952178955,0.7949994206428528,3,8,3,0.6730709167395332,0.007207207207207208,0.020633431005085624
275,930,T,D,0.26473212242126465,4.068105220794678,0.6771181225776672,8,8,20,0.6705367829494924,0.00326279358537423,0.014983973162702103
452,832,G,L,2.2035114765167236,0.7781771421432495,0.730296790599823,4,6,5,0.6684282928651025,0.001080530492295198,0.005755478587495734
121,140,N,S,0.6880372762680054,1.7680423259735107,0.9999999403953552,3,3,3,0.6640366575725781,0.00012870012870012872,0.0007663285662951267
557,679,R,N,1.3668135404586792,0.4033426344394684,0.9315852522850037,8,8,11,0.6600442708874245,4.2737234388088275e-06,3.522447758721108e-05
173,461,K,V,1.1692625284194946,1.2188901901245117,0.6097598671913147,7,18,8,0.6573976855791004,0.016794800665768404,0.04135323582955126
154,685,I,M,0.9582025408744812,1.651099681854248,0.5784810185432434,7,8,18,0.6571060203759383,0.016794800665768408,0.04135323582955126
464,557,A,R,0.345157265663147,1.3668135404586792,0.9999998211860657,8,8,8,0.6554232272130842,2.5901354174598953e-08,2.616872276550361e-07
346,628,N,A,0.4328227639198303,3.731529712677002,0.7302967309951782,4,5,6,0.6487186661889927,0.001080530492295198,0.005755478587495734
365,774,A,H,3.4009108543395996,0.3412061035633087,1.0,3,3,3,0.6485534707008503,0.00012870012870012872,0.0007663285662951267
148,461,I,V,0.3927111029624939,1.2188901901245117,0.9775629043579102,8,8,8,0.6453901805961653,2.5901354174598953e-08,2.616872276550361e-07
461,883,V,K,1.2188901901245117,0.3730928301811218,1.0,8,8,8,0.6435014087634126,2.5901354174598953e-08,2.616872276550361e-07
495,913,E,N,0.69583660364151,1.1350497007369995,0.8551343083381653,6,6,13,0.6422476145306205,0.0007381330910742674,0.004203332456844774
140,325,S,N,1.7680423259735107,0.6425378918647766,0.9999999403953552,3,3,3,0.641705029142963,0.00012870012870012872,0.0007663285662951267
437,461,I,V,0.910283625125885,1.2188901901245117,0.8706782460212708,4,4,8,0.6410425961408402,0.0010598834128245891,0.005755478587495734
147,489,L,N,0.8637832403182983,2.0637218952178955,0.7948795557022095,3,8,3,0.6389532267436927,0.007207207207207208,0.020633431005085624
244,505,H,L,1.5463627576828003,0.813814640045166,0.5929731726646423,8,8,20,0.6347639367643763,0.00326279358537423,0.014983973162702103
165,173,A,K,1.1350454092025757,1.1692625284194946,0.609645664691925,7,8,18,0.6342655904123966,0.016794800665768408,0.04135323582955126
452,791,G,L,2.2035114765167236,0.48772457242012024,0.7856741547584534,5,6,12,0.6337988740904439,0.008914376561435382,0.024577312974888885
173,258,K,V,1.1692625284194946,1.1248142719268799,0.6115400195121765,7,18,8,0.6333624835583687,0.016794800665768404,0.04135323582955126
276,279,N,S,0.13244041800498962,3.291377067565918,0.9962229132652283,8,8,8,0.627645438276653,2.5901354174598953e-08,2.616872276550361e-07
426,913,L,N,0.28311893343925476,1.1350497007369995,0.9647952914237976,13,19,13,0.6268450595564782,7.616069907504835e-06,6.054195729596215e-05
147,685,L,M,0.8637832403182983,1.651099681854248,0.578555166721344,7,8,18,0.623971619655762,0.016794800665768408,0.04135323582955126
173,448,K,K,1.1692625284194946,1.0962797403335571,0.6097443103790283,7,18,8,0.623441192187583,0.016794800665768404,0.04135323582955126
173,776,K,K,1.1692625284194946,1.0962797403335571,0.6097443103790283,7,18,8,0.623441192187583,0.016794800665768404,0.04135323582955126
461,679,V,N,1.2188901901245117,0.4033426344394684,0.9316235184669495,8,8,11,0.6233307605739107,4.2737234388088275e-06,3.522447758721108e-05
148,165,I,A,0.3927111029624939,1.1350454092025757,0.9775140285491943,8,8,8,0.6227661038502499,2.5901354174598953e-08,2.616872276550361e-07
24,452,E,G,0.24553965032100677,2.2035114765167236,1.0000001192092896,6,6,6,0.6216209191135877,4.301474889710184e-07,3.84920545229761e-06
360,726,V,N,0.6917679905891418,1.330396294593811,0.7661181092262268,6,6,20,0.6211172161475096,0.016672516672516673,0.04135323582955126
165,883,A,K,1.1350454092025757,0.3730928301811218,0.9999999403953552,8,8,8,0.620974552923891,2.5901354174598953e-08,2.616872276550361e-07
148,258,I,V,0.3927111029624939,1.1248142719268799,0.9787025451660156,8,8,8,0.6207067616308215,2.5901354174598953e-08,2.616872276550361e-07
140,557,S,R,1.7680423259735107,1.3668135404586792,0.6626822352409363,3,3,8,0.6202204210962163,0.007207207207207208,0.020633431005085624
461,464,V,A,1.2188901901245117,0.345157265663147,0.9999998807907104,8,8,8,0.6189413652878,2.5901354174598953e-08,2.616872276550361e-07
165,437,A,I,1.1350454092025757,0.910283625125885,0.8705686926841736,4,8,4,0.6185240163164947,0.0010598834128245891,0.005755478587495734
244,433,H,V,1.5463627576828003,1.1707282066345215,0.7630756497383118,3,8,3,0.6181460451586164,0.007207207207207208,0.020633431005085624
258,883,V,K,1.1248142719268799,0.3730928301811218,0.9999449253082275,8,8,8,0.6181355209588251,2.5901354174598953e-08,2.616872276550361e-07
466,850,S,E,1.9274743795394897,0.301400363445282,0.9573708772659302,6,6,7,0.6166709633311558,3.011032422797128e-06,2.5908114843992074e-05
258,437,V,I,1.1248142719268799,0.910283625125885,0.8689514398574829,4,8,4,0.6145862225243394,0.0010598834128245891,0.005755478587495734
148,448,I,K,0.3927111029624939,1.0962797403335571,0.9775499105453491,8,8,8,0.6120613896758746,2.5901354174598953e-08,2.616872276550361e-07
148,776,I,K,0.3927111029624939,1.0962797403335571,0.9775499105453491,8,8,8,0.6120613896758746,2.5901354174598953e-08,2.616872276550361e-07
448,883,K,K,1.0962797403335571,0.3730928301811218,0.9999998807907104,8,8,8,0.6102781955816038,2.5901354174598953e-08,2.616872276550361e-07
776,883,K,K,1.0962797403335571,0.3730928301811218,0.9999998807907104,8,8,8,0.6102781955816038,2.5901354174598953e-08,2.616872276550361e-07
851,913,E,N,0.6275970339775085,1.1350497007369995,0.8551344275474548,6,6,13,0.6099431613066251,0.0007381330910742674,0.004203332456844774
127,726,I,N,0.3921285569667816,1.330396294593811,0.8845164179801941,8,8,20,0.6096343183742389,0.00326279358537423,0.014983973162702103
437,448,I,K,0.910283625125885,1.0962797403335571,0.8707168698310852,4,4,8,0.6079733698736508,0.0010598834128245891,0.005755478587495734
437,776,I,K,0.910283625125885,1.0962797403335571,0.8707168698310852,4,4,8,0.6079733698736508,0.0010598834128245891,0.005755478587495734
244,275,H,T,1.5463627576828003,0.26473212242126465,0.9897292852401733,8,8,8,0.6042743946673597,2.5901354174598953e-08,2.616872276550361e-07
165,679,A,N,1.1350454092025757,0.4033426344394684,0.9315857291221619,8,8,11,0.6014856492752041,4.2737234388088275e-06,3.522447758721108e-05
121,279,N,S,0.6880372762680054,3.291377067565918,0.6627568602561951,3,3,8,0.60046652784013,0.007207207207207208,0.020633431005085624
258,679,V,N,1.1248142719268799,0.4033426344394684,0.9323053359985352,8,8,11,0.5992311809786933,4.2737234388088275e-06,3.522447758721108e-05
165,464,A,A,1.1350454092025757,0.345157265663147,1.0,8,8,8,0.5972743821351628,2.5901354174598953e-08,2.616872276550361e-07
679,685,N,M,0.4033426344394684,1.651099681854248,0.7314925193786621,9,11,18,0.5969440136492293,0.010733719576878643,0.02954130999495149
258,464,V,A,1.1248142719268799,0.345157265663147,0.999943196773529,8,8,8,0.5945426417365787,2.5901354174598953e-08,2.616872276550361e-07
58,365,H,A,0.6492101550102234,3.4009108543395996,0.6628586649894714,3,8,3,0.5929949326558501,0.007207207207207208,0.020633431005085624
448,679,K,N,1.0962797403335571,0.4033426344394684,0.9316163659095764,8,8,11,0.5911444659057785,4.2737234388088275e-06,3.522447758721108e-05
679,776,N,K,0.4033426344394684,1.0962797403335571,0.9316163659095764,8,11,8,0.5911444659057785,4.2737234388088275e-06,3.522447758721108e-05
41,279,K,S,0.11662893742322922,3.291377067565918,0.9972664713859558,8,8,8,0.5896060843525194,2.5901354174598953e-08,2.616872276550361e-07
448,464,K,A,1.0962797403335571,0.345157265663147,0.9999998807907104,8,8,8,0.5869862279447315,2.5901354174598953e-08,2.616872276550361e-07
464,776,A,K,0.345157265663147,1.0962797403335571,0.9999998807907104,8,8,8,0.5869862279447315,2.5901354174598953e-08,2.616872276550361e-07
140,461,S,V,1.7680423259735107,1.2188901901245117,0.6628456711769104,3,3,8,0.5858424158994591,0.007207207207207208,0.020633431005085624
154,173,I,K,0.9582025408744812,1.1692625284194946,0.609782874584198,7,8,18,0.5828957991245582,0.016794800665768408,0.04135323582955126
173,832,K,L,1.1692625284194946,0.7781771421432495,0.7848102450370789,5,18,5,0.5825375625800482,0.019656019656019656,0.048020789704856556
629,726,V,N,0.4862343668937683,1.330396294593811,0.8001976609230042,7,7,20,0.581221463440689,0.007529523658555916,0.02143860744989731
279,325,S,N,3.291377067565918,0.6425378918647766,0.6627568602561951,3,8,3,0.5802727701142151,0.007207207207207208,0.020633431005085624
275,557,T,R,0.26473212242126465,1.3668135404586792,0.9999997019767761,8,8,8,0.5740062049695729,2.5901354174598953e-08,2.616872276550361e-07
466,660,S,N,1.9274743795394897,0.3254604935646057,0.8570701479911804,6,6,13,0.5736763014971866,0.0007381330910742674,0.004203332456844774
365,872,A,I,3.4009108543395996,0.597032368183136,0.6627602577209473,3,3,8,0.5685815836942327,0.007207207207207208,0.020633431005085624
140,258,S,V,1.7680423259735107,1.1248142719268799,0.6670494675636292,3,3,8,0.5663495342880043,0.007207207207207208,0.020633431005085624
646,726,D,N,0.13749729096889496,1.330396294593811,1.0,20,20,20,0.5655110227974175,6.287185278334864e-11,1.9691464533955203e-08
140,165,S,A,1.7680423259735107,1.1350454092025757,0.6626728177070618,3,3,8,0.565186619488966,0.007207207207207208,0.020633431005085624
426,452,L,G,0.28311893343925476,2.2035114765167236,0.843431830406189,6,19,6,0.5629880758489532,0.011670761670761668,0.032007728349384826
505,557,L,R,0.813814640045166,1.3668135404586792,0.5587011575698853,8,20,8,0.5622839876215707,0.003262793585374231,0.014983973162702103
148,365,I,A,0.3927111029624939,3.4009108543395996,0.8056939840316772,3,8,3,0.5605883950462152,0.007207207207207208,0.020633431005085624
173,679,K,N,1.1692625284194946,0.4033426344394684,0.7810801863670349,10,18,11,0.5586029505417938,0.0010096303199751474,0.005728554370327164
140,448,S,K,1.7680423259735107,1.0962797403335571,0.6627994179725647,3,3,8,0.5555573648874017,0.007207207207207208,0.020633431005085624
140,776,S,K,1.7680423259735107,1.0962797403335571,0.6627994179725647,3,3,8,0.5555573648874017,0.007207207207207208,0.020633431005085624
58,489,H,N,0.6492101550102234,2.0637218952178955,0.7949203252792358,3,8,3,0.5539640832429109,0.007207207207207208,0.020633431005085624
147,173,L,K,0.8637832403182983,1.1692625284194946,0.609883725643158,7,8,18,0.5535240234031494,0.016794800665768408,0.04135323582955126
346,704,N,R,0.4328227639198303,1.8608973026275635,0.792154848575592,5,5,14,0.5532104237253622,0.004592828122239887,0.020491078710899904
704,1093,R,E,1.8608973026275635,0.1179245114326477,0.9999999403953552,14,14,14,0.55093992090393,1.637441930578095e-10,3.205292690641737e-08
11,930,S,D,0.1774190217256546,4.068105220794678,0.6770704388618469,8,8,20,0.5488943887503125,0.00326279358537423,0.014983973162702103
763,1093,K,E,2.0900003910064697,0.1179245114326477,0.9823524355888367,12,12,14,0.5432574100593907,4.9123257917342844e-08,4.6906721082927463e-07
275,461,T,V,0.26473212242126465,1.2188901901245117,1.0000001192092896,8,8,8,0.542056333210678,2.5901354174598953e-08,2.616872276550361e-07
58,685,H,M,0.6492101550102234,1.651099681854248,0.5784658193588257,7,8,18,0.5408639411450074,0.016794800665768408,0.04135323582955126
121,433,N,V,0.6880372762680054,1.1707282066345215,1.0000001192092896,3,3,3,0.5403483688164409,0.00012870012870012872,0.0007663285662951267
552,628,Q,A,0.29459765553474426,3.731529712677002,0.730296790599823,4,5,6,0.5351999030224956,0.001080530492295198,0.005755478587495734
149,279,Q,S,0.3800857663154602,3.291377067565918,0.7945677638053894,3,3,8,0.5350573471797891,0.007207207207207208,0.020633431005085624
31,140,D,S,0.44103285670280457,1.7680423259735107,1.0000001192092896,3,3,3,0.531644862237067,0.00012870012870012872,0.0007663285662951267
489,872,N,I,2.0637218952178955,0.597032368183136,0.794941246509552,3,3,8,0.531250465949427,0.007207207207207208,0.020633431005085624
461,505,V,L,1.2188901901245117,0.813814640045166,0.5587825775146484,8,8,20,0.531063747999962,0.00326279358537423,0.014983973162702103
244,660,H,N,1.5463627576828003,0.3254604935646057,0.7841119766235352,8,8,13,0.5308131547258441,3.333504282270886e-05,0.0002269681661108853
165,275,A,T,1.1350454092025757,0.26473212242126465,0.9999999403953552,8,8,8,0.5230806715647714,2.5901354174598953e-08,2.616872276550361e-07
325,433,N,V,0.6425378918647766,1.1707282066345215,1.0000001192092896,3,3,3,0.5221763916261024,0.00012870012870012872,0.0007663285662951267
258,275,V,T,1.1248142719268799,0.26473212242126465,0.9999462962150574,8,8,8,0.5206899142403879,2.5901354174598953e-08,2.616872276550361e-07
140,154,S,I,1.7680423259735107,0.9582025408744812,0.6628773212432861,3,3,8,0.5194549831158715,0.007207207207207208,0.020633431005085624
685,872,M,I,1.651099681854248,0.597032368183136,0.5784480571746826,7,18,8,0.5186578784264778,0.016794800665768404,0.04135323582955126
317,628,M,A,0.06959015876054764,3.731529712677002,1.0,6,6,6,0.516238685808552,4.301474889710184e-07,3.84920545229761e-06
275,448,T,K,0.26473212242126465,1.0962797403335571,1.0000001192092896,8,8,8,0.5140706700334028,2.5901354174598953e-08,2.616872276550361e-07
275,776,T,K,0.26473212242126465,1.0962797403335571,1.0000001192092896,8,8,8,0.5140706700334028,2.5901354174598953e-08,2.616872276550361e-07
165,505,A,L,1.1350454092025757,0.813814640045166,0.5587016940116882,8,8,20,0.5123988130909903,0.00326279358537423,0.014983973162702103
258,505,V,L,1.1248142719268799,0.813814640045166,0.560327410697937,8,8,20,0.5115684896578271,0.00326279358537423,0.014983973162702103
365,652,A,A,3.4009108543395996,0.483479768037796,0.6625639200210571,3,3,8,0.5115102340671949,0.007207207207207208,0.020633431005085624
16,140,K,S,0.4044811427593231,1.7680423259735107,0.9999999403953552,3,3,3,0.5091376463194,0.00012870012870012872,0.0007663285662951267
279,422,S,R,3.291377067565918,0.34121623635292053,0.7948749661445618,3,8,3,0.5071567979131134,0.007207207207207208,0.020633431005085624
422,489,R,N,0.34121623635292053,2.0637218952178955,1.0,3,3,3,0.5052196086717378,0.00012870012870012872,0.0007663285662951267
433,557,V,R,1.1707282066345215,1.3668135404586792,0.662682294845581,3,3,8,0.5046936178009176,0.007207207207207208,0.020633431005085624
448,505,K,L,1.0962797403335571,0.813814640045166,0.5587673187255859,8,8,20,0.5036318645409861,0.00326279358537423,0.014983973162702103
505,776,L,K,0.813814640045166,1.0962797403335571,0.5587673187255859,8,20,8,0.5036318645409861,0.003262793585374231,0.014983973162702103
346,567,N,Q,0.4328227639198303,1.5364588499069214,0.792249858379364,5,5,14,0.5027379889275763,0.004592828122239887,0.020491078710899904
279,701,S,D,3.291377067565918,0.33462417125701904,0.794874906539917,3,8,3,0.5022339059296728,0.007207207207207208,0.020633431005085624
567,1093,Q,E,1.5364588499069214,0.1179245114326477,1.0000001192092896,14,14,14,0.5006146831792688,1.637441930578095e-10,3.205292690641737e-08
489,701,N,D,2.0637218952178955,0.33462417125701904,1.0,3,3,3,0.5003155581990578,0.00012870012870012872,0.0007663285662951267
346,452,N,G,0.4328227639198303,2.2035114765167236,0.7302966713905334,4,5,6,0.4985062014975226,0.001080530492295198,0.005755478587495734
359,365,V,A,0.45568394660949707,3.4009108543395996,0.6628812551498413,3,8,3,0.49682677739761993,0.007207207207207208,0.020633431005085624
24,704,E,R,0.24553965032100677,1.8608973026275635,0.8680303692817688,6,6,14,0.49586566082883005,0.0012917329093799681,0.00656770681584399
11,244,S,H,0.1774190217256546,1.5463627576828003,0.9897097945213318,8,8,8,0.4946777863903979,2.5901354174598953e-08,2.616872276550361e-07
168,365,S,A,0.198313370347023,3.4009108543395996,1.0000001192092896,3,3,3,0.49443982224889016,0.00012870012870012872,0.0007663285662951267
140,147,S,L,1.7680423259735107,0.8637832403182983,0.6633996963500977,3,3,8,0.4935870443825637,0.007207207207207208,0.020633431005085624
685,1093,M,E,1.651099681854248,0.1179245114326477,0.9648371934890747,13,18,14,0.4879506068120818,2.715730190702382e-05,0.0001918720263839114
628,1093,A,E,3.731529712677002,0.1179245114326477,0.8680524230003357,6,6,14,0.4866296234854244,0.0012917329093799681,0.00656770681584399
557,660,R,N,1.3668135404586792,0.3254604935646057,0.7605056762695312,8,8,13,0.484021880962533,3.333504282270886e-05,0.0002269681661108853
276,930,N,D,0.13244041800498962,4.068105220794678,0.6902700066566467,8,8,20,0.48348624446834126,0.00326279358537423,0.014983973162702103
31,279,D,S,0.44103285670280457,3.291377067565918,0.6627568602561951,3,3,8,0.480748892018803,0.007207207207207208,0.020633431005085624
58,173,H,K,0.6492101550102234,1.1692625284194946,0.6097483038902283,7,8,18,0.47976691584102327,0.016794800665768408,0.04135323582955126
489,652,N,A,2.0637218952178955,0.483479768037796,0.7948132753372192,3,3,8,0.47799088919591143,0.007207207207207208,0.020633431005085624
433,461,V,V,1.1707282066345215,1.2188901901245117,0.6628457307815552,3,3,8,0.4767191119124767,0.007207207207207208,0.020633431005085624
121,244,N,H,0.6880372762680054,1.5463627576828003,0.7630756497383118,3,3,8,0.4738807181730242,0.007207207207207208,0.020633431005085624
503,628,Q,A,0.22734148800373077,3.731529712677002,0.730296790599823,4,5,6,0.47015464591229883,0.001080530492295198,0.005755478587495734
11,557,S,R,0.1774190217256546,1.3668135404586792,0.9999998807907104,8,8,8,0.46990864419235023,2.5901354174598953e-08,2.616872276550361e-07
140,774,S,H,1.7680423259735107,0.3412061035633087,1.0,3,3,3,0.4676215234650754,0.00012870012870012872,0.0007663285662951267
652,685,A,M,0.483479768037796,1.651099681854248,0.5783885717391968,7,8,18,0.46668788795219796,0.016794800665768408,0.04135323582955126
359,489,V,N,0.45568394660949707,2.0637218952178955,0.7949036955833435,3,8,3,0.46410017748965526,0.007207207207207208,0.020633431005085624
258,433,V,V,1.1248142719268799,1.1707282066345215,0.6670494675636292,3,8,3,0.46085707591724473,0.007207207207207208,0.020633431005085624
16,279,K,S,0.4044811427593231,3.291377067565918,0.6627568602561951,3,3,8,0.46039644226221277,0.007207207207207208,0.020633431005085624
173,872,K,I,1.1692625284194946,0.597032368183136,0.609714150428772,7,18,8,0.4600576492401144,0.016794800665768404,0.04135323582955126
165,433,A,V,1.1350454092025757,1.1707282066345215,0.6626728773117065,3,8,3,0.45991081560771524,0.007207207207207208,0.020633431005085624
244,325,H,N,1.5463627576828003,0.6425378918647766,0.763075590133667,3,8,3,0.4579440198741631,0.007207207207207208,0.020633431005085624
726,850,N,E,1.330396294593811,0.301400363445282,0.8001977801322937,7,20,7,0.45760500774538776,0.007529523658555918,0.02143860744989731
461,660,V,N,1.2188901901245117,0.3254604935646057,0.7605695724487305,8,8,13,0.45711885656478474,3.333504282270886e-05,0.0002269681661108853
552,704,Q,R,0.29459765553474426,1.8608973026275635,0.7921549081802368,5,5,14,0.4564045689962969,0.004592828122239887,0.020491078710899904
359,685,V,M,0.45568394660949707,1.651099681854248,0.5784682035446167,7,8,18,0.4531364841266947,0.016794800665768408,0.04135323582955126
433,448,V,K,1.1707282066345215,1.0962797403335571,0.6627994775772095,3,3,8,0.4520751765653511,0.007207207207207208,0.020633431005085624
433,776,V,K,1.1707282066345215,1.0962797403335571,0.6627994775772095,3,3,8,0.4520751765653511,0.007207207207207208,0.020633431005085624
244,364,H,R,1.5463627576828003,0.6487399339675903,0.7495023608207703,3,8,3,0.45196393394395196,0.007207207207207208,0.020633431005085624
24,567,E,Q,0.24553965032100677,1.5364588499069214,0.8680301308631897,6,6,14,0.45057094014390753,0.0012917329093799681,0.00656770681584399
364,557,R,R,0.6487399339675903,1.3668135404586792,0.7945303320884705,3,3,8,0.4504433730635223,0.007207207207207208,0.020633431005085624
24,685,E,M,0.24553965032100677,1.651099681854248,0.8365567922592163,6,6,18,0.4501424678492261,0.007985257985257985,0.02249085128293942
365,883,A,K,3.4009108543395996,0.3730928301811218,0.6627880334854126,3,3,8,0.44949048456712876,0.007207207207207208,0.020633431005085624
317,930,M,D,0.06959015876054764,4.068105220794678,0.8306823968887329,6,6,20,0.44775267642711775,0.016672516672516673,0.04135323582955126
11,461,S,V,0.1774190217256546,1.2188901901245117,0.9999997615814209,8,8,8,0.44375272909742663,2.5901354174598953e-08,2.616872276550361e-07
165,660,A,N,1.1350454092025757,0.3254604935646057,0.7605060935020447,8,8,13,0.4410798470343587,3.333504282270886e-05,0.0002269681661108853
258,660,V,N,1.1248142719268799,0.3254604935646057,0.7617644667625427,8,8,13,0.43981396873684286,3.333504282270886e-05,0.0002269681661108853
24,763,E,K,0.24553965032100677,2.0900003910064697,0.7856741547584534,5,6,12,0.4379660907444213,0.008914376561435382,0.024577312974888885
148,685,I,M,0.3927111029624939,1.651099681854248,0.6008740067481995,7,8,18,0.4369559738691036,0.016794800665768408,0.04135323582955126
41,930,K,D,0.11662893742322922,4.068105220794678,0.6625009775161743,8,8,20,0.4354562528114362,0.00326279358537423,0.014983973162702103
173,346,K,N,1.1692625284194946,0.4328227639198303,0.7848101854324341,5,18,5,0.43444991182891424,0.019656019656019656,0.048020789704856556
448,660,K,N,1.0962797403335571,0.3254604935646057,0.7605576515197754,8,8,13,0.43351160995728427,3.333504282270886e-05,0.0002269681661108853
660,776,N,K,0.3254604935646057,1.0962797403335571,0.7605576515197754,8,13,8,0.43351160995728427,3.3335042822708865e-05,0.0002269681661108853
31,433,D,V,0.44103285670280457,1.1707282066345215,1.0000001192092896,3,3,3,0.43261675308874825,0.00012870012870012872,0.0007663285662951267
365,464,A,A,3.4009108543395996,0.345157265663147,0.6627127528190613,3,3,8,0.4322860590154848,0.007207207207207208,0.020633431005085624
244,276,H,N,1.5463627576828003,0.13244041800498962,0.9946179389953613,8,8,8,0.42951764492887234,2.5901354174598953e-08,2.616872276550361e-07
11,165,S,A,0.1774190217256546,1.1350454092025757,0.9999998807907104,8,8,8,0.4282184904045317,2.5901354174598953e-08,2.616872276550361e-07
58,140,H,S,0.6492101550102234,1.7680423259735107,0.6628586053848267,3,8,3,0.4275625394174712,0.007207207207207208,0.020633431005085624
11,258,S,V,0.1774190217256546,1.1248142719268799,0.999943733215332,8,8,8,0.4262602366238069,2.5901354174598953e-08,2.616872276550361e-07
364,461,R,V,0.6487399339675903,1.2188901901245117,0.7946635484695435,3,3,8,0.42544229940796374,0.007207207207207208,0.020633431005085624
279,774,S,H,3.291377067565918,0.3412061035633087,0.6627568602561951,3,8,3,0.42285475146565005,0.007207207207207208,0.020633431005085624
154,433,I,V,0.9582025408744812,1.1707282066345215,0.6628773212432861,3,8,3,0.4226974511250918,0.007207207207207208,0.020633431005085624
279,854,S,S,3.291377067565918,0.23533092439174652,0.7945677042007446,3,8,3,0.4210163838035199,0.007207207207207208,0.020633431005085624
11,448,S,K,0.1774190217256546,1.0962797403335571,0.9999997615814209,8,8,8,0.42084235309100787,2.5901354174598953e-08,2.616872276550361e-07
11,776,S,K,0.1774190217256546,1.0962797403335571,0.9999997615814209,8,8,8,0.42084235309100787,2.5901354174598953e-08,2.616872276550361e-07
489,883,N,K,2.0637218952178955,0.3730928301811218,0.7950027585029602,3,3,8,0.41999337620331256,0.007207207207207208,0.020633431005085624
279,354,S,A,3.291377067565918,0.23200221359729767,0.7948749661445618,3,8,3,0.4181898341507277,0.007207207207207208,0.020633431005085624
913,1093,N,E,1.1350497007369995,0.1179245114326477,0.993984580039978,13,13,14,0.416794774296843,3.929860633387428e-09,2.616872276550361e-07
354,489,A,N,0.23200221359729767,2.0637218952178955,1.0000001192092896,3,3,3,0.41659252210711945,0.00012870012870012872,0.0007663285662951267
552,567,Q,Q,0.29459765553474426,1.5364588499069214,0.792249858379364,5,5,14,0.4147642344564002,0.004592828122239887,0.020491078710899904
16,433,K,V,0.4044811427593231,1.1707282066345215,1.0,3,3,3,0.41430192257992093,0.00012870012870012872,0.0007663285662951267
173,652,K,A,1.1692625284194946,0.483479768037796,0.6095886826515198,7,18,8,0.4139168354926952,0.016794800665768404,0.04135323582955126
452,552,G,Q,2.2035114765167236,0.29459765553474426,0.7302967309951782,4,6,5,0.4112729979930329,0.001080530492295198,0.005755478587495734
165,364,A,R,1.1350454092025757,0.6487399339675903,0.7945866584777832,3,8,3,0.4105092723263054,0.007207207207207208,0.020633431005085624
685,883,M,K,1.651099681854248,0.3730928301811218,0.5784628391265869,7,18,8,0.41001674190592113,0.016794800665768404,0.04135323582955126
140,872,S,I,1.7680423259735107,0.597032368183136,0.6627602577209473,3,3,8,0.4099600085309262,0.007207207207207208,0.020633431005085624
173,1093,K,E,1.1692625284194946,0.1179245114326477,0.9610700011253357,13,18,14,0.40902157453426957,2.715730190702382e-05,0.0001918720263839114
258,364,V,R,1.1248142719268799,0.6487399339675903,0.7905491590499878,3,8,3,0.40657846720072927,0.007207207207207208,0.020633431005085624
276,557,N,R,0.13244041800498962,1.3668135404586792,0.9962136745452881,8,8,8,0.4044605480327432,2.5901354174598953e-08,2.616872276550361e-07
140,148,S,I,1.7680423259735107,0.3927111029624939,0.8056939244270325,3,3,8,0.4041967112625446,0.007207207207207208,0.020633431005085624
464,489,A,N,0.345157265663147,2.0637218952178955,0.7948856949806213,3,8,3,0.4039043636980213,0.007207207207207208,0.020633431005085624
364,448,R,K,0.6487399339675903,1.0962797403335571,0.7947224378585815,3,3,8,0.4035071671742791,0.007207207207207208,0.020633431005085624
364,776,R,K,0.6487399339675903,1.0962797403335571,0.7947224378585815,3,3,8,0.4035071671742791,0.007207207207207208,0.020633431005085624
173,359,K,V,1.1692625284194946,0.45568394660949707,0.60975182056427,7,18,8,0.4019499817104092,0.016794800665768404,0.04135323582955126
147,433,L,V,0.8637832403182983,1.1707282066345215,0.6633997559547424,3,8,3,0.40164790231281505,0.007207207207207208,0.020633431005085624
503,704,Q,R,0.22734148800373077,1.8608973026275635,0.7921549677848816,5,5,14,0.40093569423915265,0.004592828122239887,0.020491078710899904
148,173,I,K,0.3927111029624939,1.1692625284194946,0.6530556082725525,7,8,18,0.39964445953455585,0.016794800665768408,0.04135323582955126
279,812,S,S,3.291377067565918,0.21087148785591125,0.7948750257492065,3,8,3,0.3986909436463389,0.007207207207207208,0.020633431005085624
489,812,N,S,2.0637218952178955,0.21087148785591125,0.9999998807907104,3,3,3,0.39716798481791904,0.00012870012870012872,0.0007663285662951267
41,244,K,H,0.11662893742322922,1.5463627576828003,0.9790437817573547,8,8,8,0.39675254680557676,2.5901354174598953e-08,2.616872276550361e-07
317,452,M,G,0.06959015876054764,2.2035114765167236,1.0000001192092896,6,6,6,0.39670237874088216,4.301474889710184e-07,3.84920545229761e-06
464,685,A,M,0.345157265663147,1.651099681854248,0.5784304141998291,7,8,18,0.3943458767047008,0.016794800665768408,0.04135323582955126
148,489,I,N,0.3927111029624939,2.0637218952178955,0.7227216362953186,3,8,3,0.39171752378336633,0.007207207207207208,0.020633431005085624
126,279,S,S,0.1988261640071869,3.291377067565918,0.7945678234100342,3,3,8,0.386986957434913,0.007207207207207208,0.020633431005085624
121,557,N,R,0.6880372762680054,1.3668135404586792,0.662682294845581,3,3,8,0.386906259344377,0.007207207207207208,0.020633431005085624
276,461,N,V,0.13244041800498962,1.2188901901245117,0.9962381720542908,8,8,8,0.3819570232466984,2.5901354174598953e-08,2.616872276550361e-07
24,913,E,N,0.24553965032100677,1.1350497007369995,0.8551344275474548,6,6,13,0.38151335189221275,0.0007381330910742674,0.004203332456844774
433,774,V,H,1.1707282066345215,0.3412061035633087,1.0,3,3,3,0.38051887552271,0.00012870012870012872,0.0007663285662951267
41,557,K,R,0.11662893742322922,1.3668135404586792,0.9972593188285828,8,8,8,0.37994843367317427,2.5901354174598953e-08,2.616872276550361e-07
31,244,D,H,0.44103285670280457,1.5463627576828003,0.7630757093429565,3,3,8,0.37940107806722995,0.007207207207207208,0.020633431005085624
275,365,T,A,0.26473212242126465,3.4009108543395996,0.6628451347351074,3,8,3,0.37866292543326363,0.007207207207207208,0.020633431005085624
452,1093,G,E,2.2035114765167236,0.1179245114326477,0.8680524230003357,6,6,14,0.37394932130489567,0.0012917329093799681,0.00656770681584399
325,557,N,R,0.6425378918647766,1.3668135404586792,0.662682294845581,3,3,8,0.37389455777302727,0.007207207207207208,0.020633431005085624
140,652,S,A,1.7680423259735107,0.483479768037796,0.6625638008117676,3,3,8,0.3688102256673975,0.007207207207207208,0.020633431005085624
165,276,A,N,1.1350454092025757,0.13244041800498962,0.9962175488471985,8,8,8,0.3685783630862024,2.5901354174598953e-08,2.616872276550361e-07
364,489,R,N,0.6487399339675903,2.0637218952178955,0.6666666269302368,2,3,3,0.3680428465492436,0.013256113256113259,0.03591535126010543
258,276,V,N,1.1248142719268799,0.13244041800498962,0.9961609840393066,8,8,8,0.3668926132010926,2.5901354174598953e-08,2.616872276550361e-07
121,461,N,V,0.6880372762680054,1.2188901901245117,0.6628457307815552,3,3,8,0.36546055238762015,0.007207207207207208,0.020633431005085624
503,567,Q,Q,0.22734148800373077,1.5364588499069214,0.7922499179840088,5,5,14,0.36435609453155393,0.004592828122239887,0.020491078710899904
466,682,S,E,1.9274743795394897,0.12752090394496918,0.8687781095504761,6,6,8,0.3639996468690119,1.2044129691188514e-05,9.155877478847685e-05
173,883,K,K,1.1692625284194946,0.3730928301811218,0.609746515750885,7,18,8,0.3637012736910398,0.016794800665768404,0.04135323582955126
16,244,K,H,0.4044811427593231,1.5463627576828003,0.7630756497383118,3,3,8,0.36333914812585466,0.007207207207207208,0.020633431005085624
276,448,N,K,0.13244041800498962,1.0962797403335571,0.9962389469146729,8,8,8,0.3622373608697839,2.5901354174598953e-08,2.616872276550361e-07
276,776,N,K,0.13244041800498962,1.0962797403335571,0.9962389469146729,8,8,8,0.3622373608697839,2.5901354174598953e-08,2.616872276550361e-07
466,549,S,R,1.9274743795394897,0.10374056547880173,0.9573647379875183,6,6,7,0.3617871473593132,3.011032422797128e-06,2.5908114843992074e-05
452,503,G,Q,2.2035114765167236,0.22734148800373077,0.7302967309951782,4,6,5,0.3612891363632712,0.001080530492295198,0.005755478587495734
41,461,K,V,0.11662893742322922,1.2188901901245117,0.9972785711288452,8,8,8,0.3588068265210524,2.5901354174598953e-08,2.616872276550361e-07
173,552,K,Q,1.1692625284194946,0.29459765553474426,0.7848101854324341,5,18,5,0.35842583822590085,0.019656019656019656,0.048020789704856556
140,359,S,V,1.7680423259735107,0.45568394660949707,0.6628812551498413,3,3,8,0.35822319213535014,0.007207207207207208,0.020633431005085624
140,168,S,S,1.7680423259735107,0.198313370347023,1.0000001192092896,3,3,3,0.35650214421329424,0.00012870012870012872,0.0007663285662951267
275,489,T,N,0.26473212242126465,2.0637218952178955,0.7949697971343994,3,8,3,0.35376861696660183,0.007207207207207208,0.020633431005085624
121,258,N,V,0.6880372762680054,1.1248142719268799,0.6670495271682739,3,3,8,0.35330049158405846,0.007207207207207208,0.020633431005085624
325,461,N,V,0.6425378918647766,1.2188901901245117,0.6628457307815552,3,3,8,0.3531700723839462,0.007207207207207208,0.020633431005085624
121,165,N,A,0.6880372762680054,1.1350454092025757,0.6626728177070618,3,3,8,0.35257500990199614,0.007207207207207208,0.020633431005085624
127,466,I,S,0.3921285569667816,1.9274743795394897,0.5773501992225647,4,8,6,0.3508378180809465,0.012935395288336466,0.03529064306982822
173,464,K,A,1.1692625284194946,0.345157265663147,0.6096755266189575,7,18,8,0.3497794697597859,0.016794800665768404,0.04135323582955126
58,433,H,V,0.6492101550102234,1.1707282066345215,0.6628586053848267,3,8,3,0.3479215745015242,0.007207207207207208,0.020633431005085624
121,448,N,K,0.6880372762680054,1.0962797403335571,0.6627994775772095,3,3,8,0.3465681144720644,0.007207207207207208,0.020633431005085624
121,776,N,K,0.6880372762680054,1.0962797403335571,0.6627994775772095,3,3,8,0.3465681144720644,0.007207207207207208,0.020633431005085624
41,165,K,A,0.11662893742322922,1.1350454092025757,0.9972643256187439,8,8,8,0.3462412610581879,2.5901354174598953e-08,2.616872276550361e-07
149,244,Q,H,0.3800857663154602,1.5463627576828003,0.7495022416114807,3,3,8,0.3459467046262252,0.007207207207207208,0.020633431005085624
275,685,T,M,0.26473212242126465,1.651099681854248,0.5784702301025391,7,8,18,0.3453838357618235,0.016794800665768408,0.04135323582955126
149,557,Q,R,0.3800857663154602,1.3668135404586792,0.7945302128791809,3,3,8,0.34478282498530083,0.007207207207207208,0.020633431005085624
41,258,K,V,0.11662893742322922,1.1248142719268799,0.9971199035644531,8,8,8,0.3446273284266352,2.5901354174598953e-08,2.616872276550361e-07
258,325,V,N,1.1248142719268799,0.6425378918647766,0.6670494675636292,3,8,3,0.34141892530255685,0.007207207207207208,0.020633431005085624
165,325,A,N,1.1350454092025757,0.6425378918647766,0.6626728177070618,3,8,3,0.3407178721598095,0.007207207207207208,0.020633431005085624
41,448,K,K,0.11662893742322922,1.0962797403335571,0.9972814917564392,8,8,8,0.340283093485076,2.5901354174598953e-08,2.616872276550361e-07
41,776,K,K,0.11662893742322922,1.0962797403335571,0.9972814917564392,8,8,8,0.340283093485076,2.5901354174598953e-08,2.616872276550361e-07
628,682,A,E,3.731529712677002,0.12752090394496918,0.7045437097549438,4,6,8,0.3397039712641874,0.012935395288336465,0.03529064306982822
325,448,N,K,0.6425378918647766,1.0962797403335571,0.6627994775772095,3,3,8,0.334912989307387,0.007207207207207208,0.020633431005085624
325,776,N,K,0.6425378918647766,1.0962797403335571,0.6627994775772095,3,3,8,0.334912989307387,0.007207207207207208,0.020633431005085624
244,774,H,H,1.5463627576828003,0.3412061035633087,0.763075590133667,3,8,3,0.33371168643835386,0.007207207207207208,0.020633431005085624
433,872,V,I,1.1707282066345215,0.597032368183136,0.6627602577209473,3,3,8,0.3335978213738474,0.007207207207207208,0.020633431005085624
466,646,S,D,1.9274743795394897,0.13749729096889496,0.7660925984382629,6,6,20,0.3332957215331595,0.016672516672516673,0.04135323582955126
148,433,I,V,0.3927111029624939,1.1707282066345215,0.805694043636322,3,8,3,0.328908087199653,0.007207207207207208,0.020633431005085624
244,422,H,R,1.5463627576828003,0.34121623635292053,0.7497954368591309,3,8,3,0.3279088182712367,0.007207207207207208,0.020633431005085624
422,557,R,R,0.34121623635292053,1.3668135404586792,0.794817328453064,3,3,8,0.3267958820778172,0.007207207207207208,0.020633431005085624
149,461,Q,V,0.3800857663154602,1.2188901901245117,0.7946634888648987,3,3,8,0.3256462801671979,0.007207207207207208,0.020633431005085624
244,701,H,D,1.5463627576828003,0.33462417125701904,0.7497954368591309,3,8,3,0.324725882835562,0.007207207207207208,0.020633431005085624
140,883,S,K,1.7680423259735107,0.3730928301811218,0.6627879738807678,3,3,8,0.3240926396502717,0.007207207207207208,0.020633431005085624
557,701,R,D,1.3668135404586792,0.33462417125701904,0.794817328453064,3,8,3,0.3236237496576464,0.007207207207207208,0.020633431005085624
168,279,S,S,0.198313370347023,3.291377067565918,0.6627569198608398,3,3,8,0.3223731449700792,0.007207207207207208,0.020633431005085624
317,704,M,R,0.06959015876054764,1.8608973026275635,0.8680303692817688,6,6,14,0.3164486283171105,0.0012917329093799681,0.00656770681584399
173,503,K,Q,1.1692625284194946,0.22734148800373077,0.7848101258277893,5,18,5,0.31486470626553736,0.019656019656019656,0.048020789704856556
149,165,Q,A,0.3800857663154602,1.1350454092025757,0.7945866584777832,3,3,8,0.3142161174855314,0.007207207207207208,0.020633431005085624
507,628,T,A,0.09200716018676758,3.731529712677002,0.7302967309951782,4,5,6,0.31181811904844725,0.001080530492295198,0.005755478587495734
140,464,S,A,1.7680423259735107,0.345157265663147,0.6627126336097717,3,3,8,0.31168783802646105,0.007207207207207208,0.020633431005085624
149,258,Q,V,0.3800857663154602,1.1248142719268799,0.7905492186546326,3,3,8,0.3112073847327158,0.007207207207207208,0.020633431005085624
11,365,S,A,0.1774190217256546,3.4009108543395996,0.6627441644668579,3,8,3,0.3099441149811588,0.007207207207207208,0.020633431005085624
31,557,D,R,0.44103285670280457,1.3668135404586792,0.662682294845581,3,3,8,0.3097670675566305,0.007207207207207208,0.020633431005085624
149,448,Q,K,0.3800857663154602,1.0962797403335571,0.7947223782539368,3,3,8,0.3088564728864341,0.007207207207207208,0.020633431005085624
149,776,Q,K,0.3800857663154602,1.0962797403335571,0.7947223782539368,3,3,8,0.3088564728864341,0.007207207207207208,0.020633431005085624
422,461,R,V,0.34121623635292053,1.2188901901245117,0.7949699759483337,3,3,8,0.30866517260359233,0.007207207207207208,0.020633431005085624
173,275,K,T,1.1692625284194946,0.26473212242126465,0.6097593903541565,7,18,8,0.3063718514071803,0.016794800665768404,0.04135323582955126
461,701,V,D,1.2188901901245117,0.33462417125701904,0.7949699759483337,3,8,3,0.30566903080777774,0.007207207207207208,0.020633431005085624
433,652,V,A,1.1707282066345215,0.483479768037796,0.6625638604164124,3,3,8,0.3001129288004668,0.007207207207207208,0.020633431005085624
165,422,A,R,1.1350454092025757,0.34121623635292053,0.7948469519615173,3,8,3,0.2978137489190971,0.007207207207207208,0.020633431005085624
258,422,V,R,1.1248142719268799,0.34121623635292053,0.7959262728691101,3,8,3,0.2968710591416289,0.007207207207207208,0.020633431005085624
16,557,K,R,0.4044811427593231,1.3668135404586792,0.662682294845581,3,3,8,0.2966531139243753,0.007207207207207208,0.020633431005085624
165,701,A,D,1.1350454092025757,0.33462417125701904,0.7948469519615173,3,8,3,0.2949229393956959,0.007207207207207208,0.020633431005085624
258,701,V,D,1.1248142719268799,0.33462417125701904,0.7959262728691101,3,8,3,0.2939894000909517,0.007207207207207208,0.020633431005085624
422,448,R,K,0.34121623635292053,1.0962797403335571,0.7949816584587097,3,3,8,0.29273349317988034,0.007207207207207208,0.020633431005085624
422,776,R,K,0.34121623635292053,1.0962797403335571,0.7949816584587097,3,3,8,0.29273349317988034,0.007207207207207208,0.020633431005085624
31,461,D,V,0.44103285670280457,1.2188901901245117,0.6628457307815552,3,3,8,0.29259708491812153,0.007207207207207208,0.020633431005085624
359,433,V,V,0.45568394660949707,1.1707282066345215,0.6628812551498413,3,8,3,0.2914978875382745,0.007207207207207208,0.020633431005085624
168,433,S,V,0.198313370347023,1.1707282066345215,1.0000001192092896,3,3,3,0.29009741474744005,0.00012870012870012872,0.0007663285662951267
448,701,K,D,1.0962797403335571,0.33462417125701904,0.7949817180633545,3,8,3,0.28989201826477407,0.007207207207207208,0.020633431005085624
701,776,D,K,0.33462417125701904,1.0962797403335571,0.7949817180633545,3,3,8,0.28989201826477407,0.007207207207207208,0.020633431005085624
11,489,S,N,0.1774190217256546,2.0637218952178955,0.7948482036590576,3,8,3,0.2895673829948825,0.007207207207207208,0.020633431005085624
317,567,M,Q,0.06959015876054764,1.5364588499069214,0.8680301904678345,6,6,14,0.28754272986038254,0.0012917329093799681,0.00656770681584399
317,685,M,M,0.06959015876054764,1.651099681854248,0.8365567922592163,6,6,18,0.28726927018916615,0.007985257985257985,0.02249085128293942
276,365,N,A,0.13244041800498962,3.4009108543395996,0.7054889798164368,3,8,3,0.2850610612985746,0.007207207207207208,0.020633431005085624
31,258,D,V,0.44103285670280457,1.1248142719268799,0.6670495271682739,3,3,8,0.2828614285790058,0.007207207207207208,0.020633431005085624
11,685,S,M,0.1774190217256546,1.651099681854248,0.5784321427345276,7,8,18,0.28272888613209873,0.016794800665768408,0.04135323582955126
31,165,D,A,0.44103285670280457,1.1350454092025757,0.6626728773117065,3,3,8,0.28228061474036165,0.007207207207207208,0.020633431005085624
149,489,Q,N,0.3800857663154602,2.0637218952178955,0.6666666269302368,2,3,3,0.2817110406682913,0.013256113256113259,0.03591535126010543
16,461,K,V,0.4044811427593231,1.2188901901245117,0.6628457307815552,3,3,8,0.28021002055128796,0.007207207207207208,0.020633431005085624
317,763,M,K,0.06959015876054764,2.0900003910064697,0.7856741547584534,5,6,12,0.2794986215295135,0.008914376561435382,0.024577312974888885
31,448,D,K,0.44103285670280457,1.0962797403335571,0.6627995371818542,3,3,8,0.2774713398663567,0.007207207207207208,0.020633431005085624
31,776,D,K,0.44103285670280457,1.0962797403335571,0.6627995371818542,3,3,8,0.2774713398663567,0.007207207207207208,0.020633431005085624
140,275,S,T,1.7680423259735107,0.26473212242126465,0.6628451347351074,3,3,8,0.27302441829429386,0.007207207207207208,0.020633431005085624
557,774,R,H,1.3668135404586792,0.3412061035633087,0.662682294845581,3,8,3,0.27246339729219615,0.007207207207207208,0.020633431005085624
244,854,H,S,1.5463627576828003,0.23533092439174652,0.7495023608207703,3,8,3,0.27221243747007023,0.007207207207207208,0.020633431005085624
557,854,R,S,1.3668135404586792,0.23533092439174652,0.7945303320884705,3,8,3,0.2712966219536164,0.007207207207207208,0.020633431005085624
16,258,K,V,0.4044811427593231,1.1248142719268799,0.6670494675636292,3,3,8,0.2708864979126041,0.007207207207207208,0.020633431005085624
244,354,H,A,1.5463627576828003,0.23200221359729767,0.7497954964637756,3,8,3,0.2703860932055193,0.007207207207207208,0.020633431005085624
16,165,K,A,0.4044811427593231,1.1350454092025757,0.6626728773117065,3,3,8,0.27033029696711147,0.007207207207207208,0.020633431005085624
354,557,A,R,0.23200221359729767,1.3668135404586792,0.7948172688484192,3,3,8,0.2694683499088518,0.007207207207207208,0.020633431005085624
549,726,R,N,0.10374056547880173,1.330396294593811,0.8001977205276489,7,7,20,0.26846838839194015,0.007529523658555916,0.02143860744989731
507,704,T,R,0.09200716018676758,1.8608973026275635,0.7921549081802368,5,5,14,0.265910410374093,0.004592828122239887,0.020491078710899904
16,448,K,K,0.4044811427593231,1.0962797403335571,0.6627994179725647,3,3,8,0.2657245744063297,0.007207207207207208,0.020633431005085624
16,776,K,K,0.4044811427593231,1.0962797403335571,0.6627994179725647,3,3,8,0.2657245744063297,0.007207207207207208,0.020633431005085624
433,883,V,K,1.1707282066345215,0.3730928301811218,0.6627880930900574,3,3,8,0.26372479194727444,0.007207207207207208,0.020633431005085624
452,682,G,E,2.2035114765167236,0.12752090394496918,0.7045436501502991,4,6,8,0.26104464796452725,0.012935395288336465,0.03529064306982822
244,812,H,S,1.5463627576828003,0.21087148785591125,0.7497954368591309,3,8,3,0.2577787913347624,0.007207207207207208,0.020633431005085624
461,774,V,H,1.2188901901245117,0.3412061035633087,0.6628457307815552,3,8,3,0.25736110821402963,0.007207207207207208,0.020633431005085624
557,812,R,S,1.3668135404586792,0.21087148785591125,0.7948173880577087,3,8,3,0.2569038986407761,0.007207207207207208,0.020633431005085624
461,854,V,S,1.2188901901245117,0.23533092439174652,0.7946635484695435,3,8,3,0.2562387762096852,0.007207207207207208,0.020633431005085624
354,461,A,V,0.23200221359729767,1.2188901901245117,0.7949699759483337,3,3,8,0.25451820397627056,0.007207207207207208,0.020633431005085624
168,244,S,H,0.198313370347023,1.5463627576828003,0.7630756497383118,3,3,8,0.25441285506564437,0.007207207207207208,0.020633431005085624
433,464,V,A,1.1707282066345215,0.345157265663147,0.6627126932144165,3,3,8,0.25363057591595906,0.007207207207207208,0.020633431005085624
11,173,S,K,0.1774190217256546,1.1692625284194946,0.6096762418746948,7,8,18,0.25077625053241565,0.016794800665768408,0.04135323582955126
126,244,S,H,0.1988261640071869,1.5463627576828003,0.7495023012161255,3,3,8,0.25021030730150545,0.007207207207207208,0.020633431005085624
126,557,S,R,0.1988261640071869,1.3668135404586792,0.7945303320884705,3,3,8,0.24936853428908629,0.007207207207207208,0.020633431005085624
258,774,V,H,1.1248142719268799,0.3412061035633087,0.6670495271682739,3,8,3,0.2487978673829499,0.007207207207207208,0.020633431005085624
165,774,A,H,1.1350454092025757,0.3412061035633087,0.6626728177070618,3,8,3,0.24828697566436433,0.007207207207207208,0.020633431005085624
276,685,N,M,0.13244041800498962,1.651099681854248,0.5872882008552551,7,8,18,0.2480157270050687,0.016794800665768408,0.04135323582955126
165,854,A,S,1.1350454092025757,0.23533092439174652,0.7945866584777832,3,8,3,0.24724479373583388,0.007207207207207208,0.020633431005085624
165,354,A,A,1.1350454092025757,0.23200221359729767,0.7948468327522278,3,8,3,0.2455703326902853,0.007207207207207208,0.020633431005085624
258,854,V,S,1.1248142719268799,0.23533092439174652,0.7905492186546326,3,8,3,0.24487733558369001,0.007207207207207208,0.020633431005085624
258,354,V,A,1.1248142719268799,0.23200221359729767,0.7959262728691101,3,8,3,0.24479304920577621,0.007207207207207208,0.020633431005085624
448,774,K,H,1.0962797403335571,0.3412061035633087,0.6627994179725647,3,8,3,0.24405683570619205,0.007207207207207208,0.020633431005085624
774,776,H,K,0.3412061035633087,1.0962797403335571,0.6627994179725647,3,3,8,0.24405683570619205,0.007207207207207208,0.020633431005085624
317,913,M,N,0.06959015876054764,1.1350497007369995,0.8551343083381653,6,6,13,0.2434719110393339,0.0007381330910742674,0.004203332456844774
448,854,K,S,1.0962797403335571,0.23533092439174652,0.7947226166725159,3,8,3,0.24302756476336895,0.007207207207207208,0.020633431005085624
776,854,K,S,1.0962797403335571,0.23533092439174652,0.7947226166725159,3,8,3,0.24302756476336895,0.007207207207207208,0.020633431005085624
461,812,V,S,1.2188901901245117,0.21087148785591125,0.794969916343689,3,8,3,0.2426507758304196,0.007207207207207208,0.020633431005085624
41,489,K,N,0.11662893742322922,2.0637218952178955,0.8190153241157532,3,8,3,0.24191374296883786,0.007207207207207208,0.020633431005085624
507,567,T,Q,0.09200716018676758,1.5364588499069214,0.7922499179840088,5,5,14,0.24164993863444978,0.004592828122239887,0.020491078710899904
354,448,A,K,0.23200221359729767,1.0962797403335571,0.7949817180633545,3,3,8,0.24138132554948089,0.007207207207207208,0.020633431005085624
354,776,A,K,0.23200221359729767,1.0962797403335571,0.7949817180633545,3,3,8,0.24138132554948089,0.007207207207207208,0.020633431005085624
452,507,G,T,2.2035114765167236,0.09200716018676758,0.7302967309951782,4,6,5,0.23961585641575436,0.001080530492295198,0.005755478587495734
276,489,N,N,0.13244041800498962,2.0637218952178955,0.7610802054405212,3,8,3,0.2395554479967122,0.007207207207207208,0.020633431005085624
126,461,S,V,0.1988261640071869,1.2188901901245117,0.7946635484695435,3,3,8,0.23552776879899012,0.007207207207207208,0.020633431005085624
41,365,K,A,0.11662893742322922,3.4009108543395996,0.6192198991775513,3,8,3,0.23479316812313178,0.007207207207207208,0.020633431005085624
165,812,A,S,1.1350454092025757,0.21087148785591125,0.7948468923568726,3,8,3,0.23412015232490485,0.007207207207207208,0.020633431005085624
258,812,V,S,1.1248142719268799,0.21087148785591125,0.7959263324737549,3,8,3,0.23337911112653276,0.007207207207207208,0.020633431005085624
448,812,K,S,1.0962797403335571,0.21087148785591125,0.7949817180633545,3,8,3,0.23012644829340526,0.007207207207207208,0.020633431005085624
776,812,K,S,1.0962797403335571,0.21087148785591125,0.7949817180633545,3,8,3,0.23012644829340526,0.007207207207207208,0.020633431005085624
126,165,S,A,0.1988261640071869,1.1350454092025757,0.794586718082428,3,3,8,0.22726075984834762,0.007207207207207208,0.020633431005085624
41,685,K,M,0.11662893742322922,1.651099681854248,0.5686354637145996,7,8,18,0.22534855361792494,0.016794800665768408,0.04135323582955126
126,258,S,V,0.1988261640071869,1.1248142719268799,0.7905492186546326,3,3,8,0.22508463915028673,0.007207207207207208,0.020633431005085624
11,140,S,S,0.1774190217256546,1.7680423259735107,0.6627440452575684,3,8,3,0.22347658244714613,0.007207207207207208,0.020633431005085624
126,448,S,K,0.1988261640071869,1.0962797403335571,0.7947224974632263,3,3,8,0.22338434621816317,0.007207207207207208,0.020633431005085624
126,776,S,K,0.1988261640071869,1.0962797403335571,0.7947224974632263,3,3,8,0.22338434621816317,0.007207207207207208,0.020633431005085624
173,276,K,N,1.1692625284194946,0.13244041800498962,0.6255421042442322,7,18,8,0.22230737017437163,0.016794800665768404,0.04135323582955126
275,433,T,V,0.26473212242126465,1.1707282066345215,0.6628451943397522,3,8,3,0.22216888823226286,0.007207207207207208,0.020633431005085624
489,854,N,S,2.0637218952178955,0.23533092439174652,0.6666666269302368,2,3,3,0.22166777662621345,0.013256113256113259,0.03591535126010543
173,507,K,T,1.1692625284194946,0.09200716018676758,0.7848101854324341,5,18,5,0.20882604646339745,0.019656019656019656,0.048020789704856556
168,557,S,R,0.198313370347023,1.3668135404586792,0.662682294845581,3,3,8,0.20771878303482955,0.007207207207207208,0.020633431005085624
140,276,S,N,1.7680423259735107,0.13244041800498962,0.7054889798164368,3,3,8,0.20553538572688715,0.007207207207207208,0.020633431005085624
126,489,S,N,0.1988261640071869,2.0637218952178955,0.6666666269302368,2,3,3,0.2037510388384052,0.013256113256113259,0.03591535126010543
41,173,K,K,0.11662893742322922,1.1692625284194946,0.5972633361816406,7,8,18,0.19918473782236906,0.016794800665768408,0.04135323582955126
168,461,S,V,0.198313370347023,1.2188901901245117,0.6628457903862,3,3,8,0.1962052207273845,0.007207207207207208,0.020633431005085624
168,258,S,V,0.198313370347023,1.1248142719268799,0.6670495867729187,3,3,8,0.18967683500225754,0.007207207207207208,0.020633431005085624
165,168,A,S,1.1350454092025757,0.198313370347023,0.6626728773117065,3,8,3,0.18928734494176677,0.007207207207207208,0.020633431005085624
168,448,S,K,0.198313370347023,1.0962797403335571,0.6627994775772095,3,3,8,0.1860623994525173,0.007207207207207208,0.020633431005085624
168,776,S,K,0.198313370347023,1.0962797403335571,0.6627994775772095,3,3,8,0.1860623994525173,0.007207207207207208,0.020633431005085624
11,433,S,V,0.1774190217256546,1.1707282066345215,0.6627441048622131,3,8,3,0.18185019559456284,0.007207207207207208,0.020633431005085624
41,140,K,S,0.11662893742322922,1.7680423259735107,0.6192198395729065,3,8,3,0.16929109683082727,0.007207207207207208,0.020633431005085624
276,433,N,V,0.13244041800498962,1.1707282066345215,0.7054890394210815,3,8,3,0.16725085681497429,0.007207207207207208,0.020633431005085624
41,433,K,V,0.11662893742322922,1.1707282066345215,0.6192198991775513,3,8,3,0.13775769670630422,0.007207207207207208,0.020633431005085624
